Use PantryPurgeDB;

insert into User (userid, username, password, datecreated, userstatus) values (1, 'ypadwick0', 'vT3?vk"0D22*+Mh7', '2025-03-25', 'Active');
insert into User (userid, username, password, datecreated, userstatus) values (2, 'ewhithalgh1', 'pW3``3Ch.L', '2024-12-25', 'Active');
insert into User (userid, username, password, datecreated, userstatus) values (3, 'eguymer2', 'gF6)09RWD', '2024-05-02', 'Disabled');
insert into User (userid, username, password, datecreated, userstatus) values (4, 'sninotti3', 'nF3%"#xe!tUA', '2024-07-10', 'Disabled');
insert into User (userid, username, password, datecreated, userstatus) values (5, 'bspancock4', 'sP4!EW3HwO5@e(', '2024-06-14', 'Active');
insert into User (userid, username, password, datecreated, userstatus) values (6, 'ldach5', 'xW7=@fAd&M%n_o', '2025-01-16', 'Disabled');
insert into User (userid, username, password, datecreated, userstatus) values (7, 'nadamthwaite6', 'aX7,XV5$|OGq', '2024-10-13', 'Active');
insert into User (userid, username, password, datecreated, userstatus) values (8, 'wmedeway7', 'hO3~)Zi1+8', '2024-08-04', 'Active');
insert into User (userid, username, password, datecreated, userstatus) values (9, 'lbanker8', 'nD2~bfT*t', '2025-03-30', 'Disabled');
insert into User (userid, username, password, datecreated, userstatus) values (10, 'skenn9', 'jB5>\691i#A''', '2024-11-10', 'Disabled');
insert into User (userid, username, password, datecreated, userstatus) values (11, 'flarmutha', 'bY7"_$q"3PrdG`h_', '2024-05-14', 'Disabled');
insert into User (userid, username, password, datecreated, userstatus) values (12, 'rboutellierb', 'aL6,&BpM=', '2024-10-16', 'Disabled');
insert into User (userid, username, password, datecreated, userstatus) values (13, 'akernoghanc', 'rT6"_Pen.*J', '2025-03-24', 'Active');
insert into User (userid, username, password, datecreated, userstatus) values (14, 'pwarmingtond', 'gY4|ms>@*pEyv4M$', '2025-01-18', 'Active');
insert into User (userid, username, password, datecreated, userstatus) values (15, 'ngillmoree', 'cH5`(to)L7''CG)j', '2024-10-04', 'Active');
insert into User (userid, username, password, datecreated, userstatus) values (16, 'rtowf', 'yP3)O,@ZM7', '2024-05-26', 'Active');
insert into User (userid, username, password, datecreated, userstatus) values (17, 'amounfieldg', 'dJ7\*6n@g$', '2024-12-19', 'Active');
insert into User (userid, username, password, datecreated, userstatus) values (18, 'pdalbyh', 'wD3\oBw2\19Aw', '2024-04-28', 'Active');
insert into User (userid, username, password, datecreated, userstatus) values (19, 'thurworthi', 'hY9\`?AeX|s,', '2024-09-10', 'Active');
insert into User (userid, username, password, datecreated, userstatus) values (20, 'dpeerlessj', 'bJ6&?}dV+NDy', '2025-02-16', 'Active');
insert into User (userid, username, password, datecreated, userstatus) values (21, 'vgoldwaterk', 'zD5}L`2z4', '2024-11-19', 'Active');
insert into User (userid, username, password, datecreated, userstatus) values (22, 'cguillondl', 'zX0|b+~P),{y', '2024-06-15', 'Active');
insert into User (userid, username, password, datecreated, userstatus) values (23, 'bannonm', 'dZ2.GP)Sw9nE2V', '2024-07-10', 'Disabled');
insert into User (userid, username, password, datecreated, userstatus) values (24, 'mstebbingsn', 'sO7{5G!@/{y', '2024-06-30', 'Active');
insert into User (userid, username, password, datecreated, userstatus) values (25, 'alequesneo', 'nB7%$FY"cR\@D|5', '2024-07-11', 'Active');
insert into User (userid, username, password, datecreated, userstatus) values (26, 'eweildishp', 'jR9=X8?P77P&Ar$', '2024-07-10', 'Disabled');
insert into User (userid, username, password, datecreated, userstatus) values (27, 'kgalloq', 'rF7|L"kfjU="Vv}', '2025-03-27', 'Active');
insert into User (userid, username, password, datecreated, userstatus) values (28, 'gmuldownier', 'aG4/*|bT6n', '2024-08-14', 'Active');
insert into User (userid, username, password, datecreated, userstatus) values (29, 'bpoleyketts', 'xW0=V9w"NGn$1$.', '2024-09-22', 'Disabled');
insert into User (userid, username, password, datecreated, userstatus) values (30, 'gspeakmant', 'pB0"zh,WyrM55', '2024-10-29', 'Active');
insert into User (userid, username, password, datecreated, userstatus) values (31, 'lfindlateru', 'lF5!''>9&Pj', '2024-11-29', 'Active');
insert into User (userid, username, password, datecreated, userstatus) values (32, 'eevettv', 'uM2''{7XYdDja@', '2024-07-13', 'Disabled');
insert into User (userid, username, password, datecreated, userstatus) values (33, 'nsturleyw', 'vU9/1uF&U', '2025-01-11', 'Active');
insert into User (userid, username, password, datecreated, userstatus) values (34, 'hnorreex', 'lP3!kfc0s', '2024-04-18', 'Active');
insert into User (userid, username, password, datecreated, userstatus) values (35, 'cbrankleyy', 'kW5$j<*b', '2024-10-26', 'Disabled');
insert into User (userid, username, password, datecreated, userstatus) values (36, 'bfarrimondz', 'xA4{I*xId"r', '2024-10-10', 'Disabled');
insert into User (userid, username, password, datecreated, userstatus) values (37, 'jelphinstone10', 'oC6~cwtNYI@E@(sd', '2024-06-02', 'Disabled');
insert into User (userid, username, password, datecreated, userstatus) values (38, 'mheadly11', 'eX3.8_9KT', '2024-06-29', 'Active');
insert into User (userid, username, password, datecreated, userstatus) values (39, 'smcelory12', 'dD4+5H%6gpqJ+*e', '2025-02-27', 'Disabled');
insert into User (userid, username, password, datecreated, userstatus) values (40, 'dcornner13', 'eP8\aXYU!$Y', '2025-02-26', 'Active');
insert into User (userid, username, password, datecreated, userstatus) values (41, 'sgreenhalgh14', 'uR9|nUh!u&*pQ''c=', '2024-11-13', 'Active');
insert into User (userid, username, password, datecreated, userstatus) values (42, 'heloy15', 'cB2*Yf0c$1z', '2025-01-05', 'Active');
insert into User (userid, username, password, datecreated, userstatus) values (43, 'lfairnington16', 'uC4{Y5@impln)', '2024-09-28', 'Active');
insert into User (userid, username, password, datecreated, userstatus) values (44, 'dcheak17', 'xC4}kRSGZI"n', '2024-11-15', 'Active');
insert into User (userid, username, password, datecreated, userstatus) values (45, 'thambrook18', 'yO0|T{>''b}b4a@R5', '2024-11-22', 'Active');
insert into User (userid, username, password, datecreated, userstatus) values (46, 'evonnassau19', 'nE9.|%9qBy_}', '2024-10-15', 'Disabled');
insert into User (userid, username, password, datecreated, userstatus) values (47, 'jjoblin1a', 'tM4{|JxFh=.QQ', '2024-06-12', 'Active');
insert into User (userid, username, password, datecreated, userstatus) values (48, 'rdupree1b', 'jC0\1!3_a', '2024-06-26', 'Disabled');
insert into User (userid, username, password, datecreated, userstatus) values (49, 'vlailey1c', 'qP7{58''30|s', '2025-02-02', 'Active');
insert into User (userid, username, password, datecreated, userstatus) values (50, 'mgainsburgh1d', 'fK5?iCn*nFx#', '2025-03-13', 'Active');
insert into User (userid, username, password, datecreated, userstatus) values (51, 'tgrunnill1e', 'tW4("YEHrojK&$', '2024-05-26', 'Active');
insert into User (userid, username, password, datecreated, userstatus) values (52, 'rcammis1f', 'uX8<YB_M', '2024-04-26', 'Disabled');
insert into User (userid, username, password, datecreated, userstatus) values (53, 'asteffan1g', 'dL0)QffZ_S<K', '2024-07-13', 'Active');
insert into User (userid, username, password, datecreated, userstatus) values (54, 'mchevis1h', 'fG3.yGv72KC~t~s', '2024-08-05', 'Active');
insert into User (userid, username, password, datecreated, userstatus) values (55, 'cwybron1i', 'rE3\d<hkp4Y!bu', '2024-06-17', 'Disabled');
insert into User (userid, username, password, datecreated, userstatus) values (56, 'apragnall1j', 'pT7\6/Zow66', '2024-08-09', 'Active');
insert into User (userid, username, password, datecreated, userstatus) values (57, 'mmckiddin1k', 'kC8=Q,x#=8zdsYFk', '2024-06-30', 'Active');
insert into User (userid, username, password, datecreated, userstatus) values (58, 'rmenichelli1l', 'bR4%OJv,', '2024-08-06', 'Disabled');
insert into User (userid, username, password, datecreated, userstatus) values (59, 'kdureden1m', 'xX0%q5r?iQi`', '2024-10-07', 'Disabled');
insert into User (userid, username, password, datecreated, userstatus) values (60, 'ccotelard1n', 'jM0.1PE,(i', '2025-01-07', 'Disabled');
insert into User (userid, username, password, datecreated, userstatus) values (61, 'cmullenger1o', 'pP2>rA1HkC3j', '2024-12-25', 'Active');
insert into User (userid, username, password, datecreated, userstatus) values (62, 'rmelbourne1p', 'hK3`Hw&1A', '2025-02-08', 'Active');
insert into User (userid, username, password, datecreated, userstatus) values (63, 'alaviss1q', 'kS1)Jt>K4', '2024-05-03', 'Active');
insert into User (userid, username, password, datecreated, userstatus) values (64, 'tnowakowska1r', 'rS7(YQhb=r`', '2024-05-22', 'Active');
insert into User (userid, username, password, datecreated, userstatus) values (65, 'clicquorish1s', 'iI6#Nvof', '2024-08-16', 'Disabled');
insert into User (userid, username, password, datecreated, userstatus) values (66, 'hboden1t', 'jF4&,a.Eo=f', '2024-11-11', 'Active');
insert into User (userid, username, password, datecreated, userstatus) values (67, 'dtrengrove1u', 'nT2(X\si', '2024-07-10', 'Active');
insert into User (userid, username, password, datecreated, userstatus) values (68, 'bgrzegorzewicz1v', 'qV9>iq,qF=et4O', '2025-02-24', 'Active');
insert into User (userid, username, password, datecreated, userstatus) values (69, 'rbarnfather1w', 'xG7>I)f\6&''%', '2024-05-12', 'Active');
insert into User (userid, username, password, datecreated, userstatus) values (70, 'mgeale1x', 'mR7@VroDn4$tK{', '2024-08-11', 'Disabled');
insert into User (userid, username, password, datecreated, userstatus) values (71, 'etabour1y', 'lN3,C!go`Q''j''{', '2024-07-09', 'Active');
insert into User (userid, username, password, datecreated, userstatus) values (72, 'khurne1z', 'nG8>c@FF9,@i!6$b', '2024-11-12', 'Disabled');
insert into User (userid, username, password, datecreated, userstatus) values (73, 'hlinley20', 'bQ1#0"pM=8I@K', '2024-11-22', 'Active');
insert into User (userid, username, password, datecreated, userstatus) values (74, 'grodda21', 'aQ9_rEOH"', '2024-12-18', 'Disabled');
insert into User (userid, username, password, datecreated, userstatus) values (75, 'hsheahan22', 'aY7!=U=t9M}>4kW', '2024-10-24', 'Disabled');
insert into User (userid, username, password, datecreated, userstatus) values (76, 'adutson23', 'iY5$00Cjm~f!E#', '2025-01-25', 'Active');
insert into User (userid, username, password, datecreated, userstatus) values (77, 'ccausnett24', 'uQ1.h$E8g\.', '2024-04-23', 'Active');
insert into User (userid, username, password, datecreated, userstatus) values (78, 'bcordier25', 'pK2=_TyPo,c*C$', '2024-12-30', 'Disabled');
insert into User (userid, username, password, datecreated, userstatus) values (79, 'lbeathem26', 'sT2,wA1N7\LgwVF<', '2024-09-05', 'Active');
insert into User (userid, username, password, datecreated, userstatus) values (80, 'rheakey27', 'dL0>n<d4', '2025-03-02', 'Active');
insert into User (userid, username, password, datecreated, userstatus) values (81, 'rnourse28', 'jP6\ToHTRv''yTN', '2024-07-26', 'Disabled');
insert into User (userid, username, password, datecreated, userstatus) values (82, 'egrimston29', 'bE5*m1R90', '2025-02-26', 'Active');
insert into User (userid, username, password, datecreated, userstatus) values (83, 'tdwelling2a', 'zN1>w_0N*u+''|"', '2024-05-18', 'Active');
insert into User (userid, username, password, datecreated, userstatus) values (84, 'jlamar2b', 'rS7+G''?28h(p,', '2025-01-17', 'Active');
insert into User (userid, username, password, datecreated, userstatus) values (85, 'efitzgeorge2c', 'rV1&j814+8<aA|q', '2024-08-05', 'Active');
insert into User (userid, username, password, datecreated, userstatus) values (86, 'jjindrak2d', 'dG5/!+V@W+),', '2024-08-01', 'Disabled');
insert into User (userid, username, password, datecreated, userstatus) values (87, 'pwessel2e', 'jM7@nL2>ho%04O', '2024-12-30', 'Disabled');
insert into User (userid, username, password, datecreated, userstatus) values (88, 'dsanbrooke2f', 'tC4$j#eMA"', '2024-09-09', 'Active');
insert into User (userid, username, password, datecreated, userstatus) values (89, 'acaudrey2g', 'tJ8.GD>P', '2025-01-24', 'Disabled');
insert into User (userid, username, password, datecreated, userstatus) values (90, 'akewley2h', 'hU1<XqTr''jE', '2024-06-03', 'Active');
insert into User (userid, username, password, datecreated, userstatus) values (91, 'eburdytt2i', 'yU7~\c52DFlkg(W', '2024-06-04', 'Active');
insert into User (userid, username, password, datecreated, userstatus) values (92, 'emccory2j', 'uH7$>2.jB*)@mH', '2025-04-05', 'Active');
insert into User (userid, username, password, datecreated, userstatus) values (93, 'ghoodless2k', 'qH2?Q*p2cK5xZ4yU', '2024-10-04', 'Active');
insert into User (userid, username, password, datecreated, userstatus) values (94, 'jsquibbs2l', 'mE9&44<k''S+|mwh', '2025-03-04', 'Active');
insert into User (userid, username, password, datecreated, userstatus) values (95, 'mlynagh2m', 'rQ4`3O4OtyN4', '2024-04-16', 'Active');
insert into User (userid, username, password, datecreated, userstatus) values (96, 'nellesworthe2n', 'aP0+zJm.~', '2024-10-05', 'Active');
insert into User (userid, username, password, datecreated, userstatus) values (97, 'kchese2o', 'aL5.KNO''x2', '2024-09-06', 'Active');
insert into User (userid, username, password, datecreated, userstatus) values (98, 'jknill2p', 'iZ8>?(c(', '2024-08-25', 'Active');
insert into User (userid, username, password, datecreated, userstatus) values (99, 'bsola2q', 'gA8|_nfM', '2024-06-11', 'Active');
insert into User (userid, username, password, datecreated, userstatus) values (100, 'bclaus2r', 'kZ9)zW||nT5"SwW', '2024-12-16', 'Disabled');

insert into CasualCook (cookid, phonenum, email, firstname, lastname, skilllevel, dietprefer, newsoptin) values (1, '569-790-5072', 'lrafe0@purevolume.com', 'Lilli', 'Rafe', 'Intermediate', 'NULL', 1);
insert into CasualCook (cookid, phonenum, email, firstname, lastname, skilllevel, dietprefer, newsoptin) values (2, '996-761-3930', 'asalthouse1@foxnews.com', 'Adelbert', 'Salthouse', 'Advanced', 'Vegan', 0);
insert into CasualCook (cookid, phonenum, email, firstname, lastname, skilllevel, dietprefer, newsoptin) values (3, '284-141-9670', 'hpiggins2@usa.gov', 'Harriet', 'Piggins', 'Intermediate', 'Vegetarian', 1);
insert into CasualCook (cookid, phonenum, email, firstname, lastname, skilllevel, dietprefer, newsoptin) values (4, '553-394-1497', 'awoolmer3@tamu.edu', 'Anne', 'Woolmer', 'Intermediate', 'Vegan', 1);
insert into CasualCook (cookid, phonenum, email, firstname, lastname, skilllevel, dietprefer, newsoptin) values (5, '952-745-2467', 'gidiens4@ox.ac.uk', 'Greta', 'Idiens', 'Advanced', 'Nut-free', 0);
insert into CasualCook (cookid, phonenum, email, firstname, lastname, skilllevel, dietprefer, newsoptin) values (6, '337-124-3261', 'tbarrowclough5@gov.uk', 'Tobi', 'Barrowclough', 'Intermediate', 'Nut-free', 1);
insert into CasualCook (cookid, phonenum, email, firstname, lastname, skilllevel, dietprefer, newsoptin) values (7, '809-421-6793', 'fdelaperrelle6@parallels.com', 'Freda', 'De la Perrelle', 'Intermediate', 'NULL', 0);
insert into CasualCook (cookid, phonenum, email, firstname, lastname, skilllevel, dietprefer, newsoptin) values (8, '601-922-2592', 'ddict7@csmonitor.com', 'Donny', 'Dict', 'Intermediate', 'Vegan', 1);
insert into CasualCook (cookid, phonenum, email, firstname, lastname, skilllevel, dietprefer, newsoptin) values (9, '502-599-1063', 'rbruun8@google.it', 'Rhetta', 'Bruun', 'Intermediate', 'Soy-free', 1);
insert into CasualCook (cookid, phonenum, email, firstname, lastname, skilllevel, dietprefer, newsoptin) values (10, '184-956-0521', 'rjiru9@examiner.com', 'Reggi', 'Jiru', 'Intermediate', 'Vegan', 0);
insert into CasualCook (cookid, phonenum, email, firstname, lastname, skilllevel, dietprefer, newsoptin) values (11, '262-617-6785', 'ebraywooda@comsenz.com', 'Edd', 'Braywood', 'Beginner', 'Pesketarian', 1);
insert into CasualCook (cookid, phonenum, email, firstname, lastname, skilllevel, dietprefer, newsoptin) values (12, '595-489-6472', 'gdaintreyb@fc2.com', 'Gibby', 'Daintrey', 'Intermediate', 'Keto', 0);
insert into CasualCook (cookid, phonenum, email, firstname, lastname, skilllevel, dietprefer, newsoptin) values (13, '329-959-2671', 'cnormavellc@live.com', 'Clarinda', 'Normavell', 'Advanced', 'Nut-free', 1);
insert into CasualCook (cookid, phonenum, email, firstname, lastname, skilllevel, dietprefer, newsoptin) values (14, '393-611-4965', 'traycroftd@phpbb.com', 'Trixy', 'Raycroft', 'Intermediate', 'Keto', 0);
insert into CasualCook (cookid, phonenum, email, firstname, lastname, skilllevel, dietprefer, newsoptin) values (15, '686-235-0829', 'tdelahayee@who.int', 'Tedda', 'De La Haye', 'Beginner', 'Keto', 1);
insert into CasualCook (cookid, phonenum, email, firstname, lastname, skilllevel, dietprefer, newsoptin) values (16, '749-232-2545', 'jnuemannf@msu.edu', 'Jen', 'Nuemann', 'Beginner', 'NULL', 1);
insert into CasualCook (cookid, phonenum, email, firstname, lastname, skilllevel, dietprefer, newsoptin) values (17, '666-718-3544', 'ccranstong@booking.com', 'Carly', 'Cranston', 'Advanced', 'NULL', 1);
insert into CasualCook (cookid, phonenum, email, firstname, lastname, skilllevel, dietprefer, newsoptin) values (18, '846-785-0382', 'skyddh@shop-pro.jp', 'Shelley', 'Kydd', 'Beginner', 'NULL', 1);
insert into CasualCook (cookid, phonenum, email, firstname, lastname, skilllevel, dietprefer, newsoptin) values (19, '624-124-8338', 'pwisbyi@vinaora.com', 'Pattie', 'Wisby', 'Beginner', 'Vegan', 1);
insert into CasualCook (cookid, phonenum, email, firstname, lastname, skilllevel, dietprefer, newsoptin) values (20, '716-883-1150', 'vwhittuckj@psu.edu', 'Vernon', 'Whittuck', 'Beginner', 'Vegan', 1);
insert into CasualCook (cookid, phonenum, email, firstname, lastname, skilllevel, dietprefer, newsoptin) values (21, '715-183-6128', 'hsherryk@google.ru', 'Hillie', 'Sherry', 'Beginner', 'Vegetarian', 0);
insert into CasualCook (cookid, phonenum, email, firstname, lastname, skilllevel, dietprefer, newsoptin) values (22, '828-827-9610', 'raitonl@dedecms.com', 'Ravi', 'Aiton', 'Beginner', 'Paleo', 0);
insert into CasualCook (cookid, phonenum, email, firstname, lastname, skilllevel, dietprefer, newsoptin) values (23, '270-466-9777', 'ethormwellm@twitter.com', 'Ebeneser', 'Thormwell', 'Beginner', 'Keto', 0);
insert into CasualCook (cookid, phonenum, email, firstname, lastname, skilllevel, dietprefer, newsoptin) values (24, '616-929-6249', 'rmacallastern@vimeo.com', 'Rhianna', 'MacAllaster', 'Advanced', 'NULL', 0);
insert into CasualCook (cookid, phonenum, email, firstname, lastname, skilllevel, dietprefer, newsoptin) values (25, '427-703-8103', 'jingermano@diigo.com', 'Jacquetta', 'Ingerman', 'Beginner', 'Nut-free', 1);
insert into CasualCook (cookid, phonenum, email, firstname, lastname, skilllevel, dietprefer, newsoptin) values (26, '640-623-2781', 'trosinip@army.mil', 'Thorpe', 'Rosini', 'Advanced', 'NULL', 0);
insert into CasualCook (cookid, phonenum, email, firstname, lastname, skilllevel, dietprefer, newsoptin) values (27, '804-103-0908', 'cbrownjohnq@sfgate.com', 'Christie', 'Brownjohn', 'Intermediate', 'Vegetarian', 0);
insert into CasualCook (cookid, phonenum, email, firstname, lastname, skilllevel, dietprefer, newsoptin) values (28, '277-178-9566', 'sbrettelr@oakley.com', 'Sonya', 'Brettel', 'Advanced', 'Soy-free', 1);
insert into CasualCook (cookid, phonenum, email, firstname, lastname, skilllevel, dietprefer, newsoptin) values (29, '582-922-3042', 'ehindshaws@hud.gov', 'Ephraim', 'Hindshaw', 'Intermediate', 'NULL', 0);
insert into CasualCook (cookid, phonenum, email, firstname, lastname, skilllevel, dietprefer, newsoptin) values (30, '117-131-6698', 'bklimentt@cnn.com', 'Belinda', 'Kliment', 'Advanced', 'Paleo', 1);
insert into CasualCook (cookid, phonenum, email, firstname, lastname, skilllevel, dietprefer, newsoptin) values (31, '524-522-7233', 'rflaunieru@psu.edu', 'Rafael', 'Flaunier', 'Intermediate', 'Paleo', 0);
insert into CasualCook (cookid, phonenum, email, firstname, lastname, skilllevel, dietprefer, newsoptin) values (32, '342-262-9429', 'fmaccartneyv@bizjournals.com', 'Floris', 'MacCartney', 'Advanced', 'Soy-free', 0);
insert into CasualCook (cookid, phonenum, email, firstname, lastname, skilllevel, dietprefer, newsoptin) values (33, '187-794-5928', 'cmacphailw@irs.gov', 'Constantina', 'MacPhail', 'Beginner', 'Keto', 1);
insert into CasualCook (cookid, phonenum, email, firstname, lastname, skilllevel, dietprefer, newsoptin) values (34, '202-115-1357', 'dcleftx@hostgator.com', 'Delphinia', 'Cleft', 'Beginner', 'Nut-free', 1);
insert into CasualCook (cookid, phonenum, email, firstname, lastname, skilllevel, dietprefer, newsoptin) values (35, '174-940-7852', 'nkingdony@cloudflare.com', 'Natalya', 'Kingdon', 'Advanced', 'Nut-free', 0);
insert into CasualCook (cookid, phonenum, email, firstname, lastname, skilllevel, dietprefer, newsoptin) values (36, '285-712-1441', 'sburkerz@reference.com', 'Salvatore', 'Burker', 'Intermediate', 'Nut-free', 1);
insert into CasualCook (cookid, phonenum, email, firstname, lastname, skilllevel, dietprefer, newsoptin) values (37, '173-135-9997', 'ccodling10@geocities.jp', 'Camilla', 'Codling', 'Advanced', 'Nut-free', 0);
insert into CasualCook (cookid, phonenum, email, firstname, lastname, skilllevel, dietprefer, newsoptin) values (38, '550-615-7472', 'fsheather11@ucla.edu', 'Fawn', 'Sheather', 'Intermediate', 'NULL', 1);
insert into CasualCook (cookid, phonenum, email, firstname, lastname, skilllevel, dietprefer, newsoptin) values (39, '651-725-9292', 'tantonikov12@cnbc.com', 'Tiffy', 'Antonikov', 'Intermediate', 'Vegan', 1);
insert into CasualCook (cookid, phonenum, email, firstname, lastname, skilllevel, dietprefer, newsoptin) values (40, '369-641-5345', 'bscargill13@cargocollective.com', 'Berty', 'Scargill', 'Advanced', 'Gluten Free', 1);
insert into CasualCook (cookid, phonenum, email, firstname, lastname, skilllevel, dietprefer, newsoptin) values (41, '789-491-3100', 'nganford14@sohu.com', 'Nicolette', 'Ganford', 'Beginner', 'Nut-free', 1);
insert into CasualCook (cookid, phonenum, email, firstname, lastname, skilllevel, dietprefer, newsoptin) values (42, '391-767-6793', 'vingleby15@barnesandnoble.com', 'Viviyan', 'Ingleby', 'Beginner', 'Soy-free', 1);
insert into CasualCook (cookid, phonenum, email, firstname, lastname, skilllevel, dietprefer, newsoptin) values (43, '812-117-5441', 'treason16@ihg.com', 'Thaddeus', 'Reason', 'Intermediate', 'NULL', 1);
insert into CasualCook (cookid, phonenum, email, firstname, lastname, skilllevel, dietprefer, newsoptin) values (44, '807-563-2760', 'cschwanden17@latimes.com', 'Colby', 'Schwanden', 'Advanced', 'Soy-free', 1);
insert into CasualCook (cookid, phonenum, email, firstname, lastname, skilllevel, dietprefer, newsoptin) values (45, '968-351-9943', 'fcolhoun18@sun.com', 'Florrie', 'Colhoun', 'Advanced', 'Soy-free', 1);
insert into CasualCook (cookid, phonenum, email, firstname, lastname, skilllevel, dietprefer, newsoptin) values (46, '604-601-7355', 'wkermon19@kickstarter.com', 'Winnie', 'Kermon', 'Beginner', 'Paleo', 0);
insert into CasualCook (cookid, phonenum, email, firstname, lastname, skilllevel, dietprefer, newsoptin) values (47, '519-712-6389', 'tdewolfe1a@php.net', 'Tarrance', 'De Wolfe', 'Beginner', 'NULL', 1);
insert into CasualCook (cookid, phonenum, email, firstname, lastname, skilllevel, dietprefer, newsoptin) values (48, '660-303-3663', 'jlosty1b@nsw.gov.au', 'Janith', 'Losty', 'Intermediate', 'Nut-free', 0);
insert into CasualCook (cookid, phonenum, email, firstname, lastname, skilllevel, dietprefer, newsoptin) values (49, '962-328-3316', 'wsnasel1c@reuters.com', 'Willis', 'Snasel', 'Intermediate', 'Keto', 0);
insert into CasualCook (cookid, phonenum, email, firstname, lastname, skilllevel, dietprefer, newsoptin) values (50, '684-614-7541', 'ltomlin1d@cbsnews.com', 'Lory', 'Tomlin', 'Advanced', 'Soy-free', 1);
insert into CasualCook (cookid, phonenum, email, firstname, lastname, skilllevel, dietprefer, newsoptin) values (51, '928-124-1708', 'mconws1e@acquirethisname.com', 'Matty', 'Conws', 'Advanced', 'Keto', 0);
insert into CasualCook (cookid, phonenum, email, firstname, lastname, skilllevel, dietprefer, newsoptin) values (52, '466-929-3910', 'trodder1f@microsoft.com', 'Tyrus', 'Rodder', 'Beginner', 'Pesketarian', 1);
insert into CasualCook (cookid, phonenum, email, firstname, lastname, skilllevel, dietprefer, newsoptin) values (53, '737-814-2270', 'mhennington1g@howstuffworks.com', 'Madelaine', 'Hennington', 'Advanced', 'Pesketarian', 1);
insert into CasualCook (cookid, phonenum, email, firstname, lastname, skilllevel, dietprefer, newsoptin) values (54, '380-999-1312', 'atresler1h@geocities.jp', 'Aveline', 'Tresler', 'Advanced', 'Vegan', 0);
insert into CasualCook (cookid, phonenum, email, firstname, lastname, skilllevel, dietprefer, newsoptin) values (55, '856-673-3146', 'rpettus1i@pen.io', 'Roi', 'Pettus', 'Advanced', 'Vegetarian', 1);
insert into CasualCook (cookid, phonenum, email, firstname, lastname, skilllevel, dietprefer, newsoptin) values (56, '849-527-0325', 'diredell1j@yahoo.co.jp', 'Delcine', 'Iredell', 'Intermediate', 'Pesketarian', 0);
insert into CasualCook (cookid, phonenum, email, firstname, lastname, skilllevel, dietprefer, newsoptin) values (57, '923-839-5214', 'pmackilroe1k@yellowbook.com', 'Pearline', 'MacKilroe', 'Beginner', 'Vegetarian', 1);
insert into CasualCook (cookid, phonenum, email, firstname, lastname, skilllevel, dietprefer, newsoptin) values (58, '149-454-2264', 'kbartram1l@parallels.com', 'Kiel', 'Bartram', 'Advanced', 'NULL', 0);
insert into CasualCook (cookid, phonenum, email, firstname, lastname, skilllevel, dietprefer, newsoptin) values (59, '208-812-4345', 'gcolisbe1m@prnewswire.com', 'Gerda', 'Colisbe', 'Beginner', 'NULL', 0);
insert into CasualCook (cookid, phonenum, email, firstname, lastname, skilllevel, dietprefer, newsoptin) values (60, '439-924-8251', 'cashplant1n@usgs.gov', 'Clerissa', 'Ashplant', 'Advanced', 'NULL', 0);

insert into Chef (chefid, phonenum, email, datejoined, firstname, lastname, numendorsements, cuisinespecialty, yearsexp, socialtag, bio, city, statename, country) values (61, '671-567-3324', 'dloyley1o@pagesperso-orange.fr', '2024-07-06', 'Dewie', 'Loyley', 100, 'Mexican', 3, 'dloyley1o', 'Fusce posuere felis sed lacus. Morbi sem mauris, laoreet ut, rhoncus aliquet, pulvinar sed, nisl. Nunc rhoncus dui vel sem.

Sed sagittis. Nam congue, risus semper porta volutpat, quam pede lobortis ligula, sit amet eleifend pede libero quis orci. Nullam molestie nibh in lectus.', 'Rosmaninhal', 'Castelo Branco', 'Portugal');
insert into Chef (chefid, phonenum, email, datejoined, firstname, lastname, numendorsements, cuisinespecialty, yearsexp, socialtag, bio, city, statename, country) values (62, '219-980-5025', 'gwybern1p@paginegialle.it', '2024-05-09', 'Georgianna', 'Wybern', 17, 'Korean', 3, 'gwybern1p', 'Duis consequat dui nec nisi volutpat eleifend. Donec ut dolor. Morbi vel lectus in quam fringilla rhoncus.', 'Jintan', null, 'China');
insert into Chef (chefid, phonenum, email, datejoined, firstname, lastname, numendorsements, cuisinespecialty, yearsexp, socialtag, bio, city, statename, country) values (63, '670-862-0561', 'asayers1q@twitter.com', '2024-06-26', 'Angelita', 'Sayers', 10, 'Japanese', 2, 'asayers1q', 'Curabitur gravida nisi at nibh. In hac habitasse platea dictumst. Aliquam augue quam, sollicitudin vitae, consectetuer eget, rutrum at, lorem.', 'Sok Kwu Wan', null, 'Hong Kong');
insert into Chef (chefid, phonenum, email, datejoined, firstname, lastname, numendorsements, cuisinespecialty, yearsexp, socialtag, bio, city, statename, country) values (64, '121-204-7345', 'bcardinale1r@forbes.com', '2025-02-05', 'Bridget', 'Cardinale', 28, 'Chinese', 2, 'bcardinale1r', 'Sed ante. Vivamus tortor. Duis mattis egestas metus.', 'Kodyma', null, 'Ukraine');
insert into Chef (chefid, phonenum, email, datejoined, firstname, lastname, numendorsements, cuisinespecialty, yearsexp, socialtag, bio, city, statename, country) values (65, '805-113-9326', 'sheistermann1s@ustream.tv', '2024-12-07', 'Stefanie', 'Heistermann', 85, 'French', 3, 'sheistermann1s', 'In quis justo. Maecenas rhoncus aliquam lacus. Morbi quis tortor id nulla ultrices aliquet.', 'Pereleshino', null, 'Russia');
insert into Chef (chefid, phonenum, email, datejoined, firstname, lastname, numendorsements, cuisinespecialty, yearsexp, socialtag, bio, city, statename, country) values (66, '345-133-3204', 'mhusby1t@ted.com', '2024-10-01', 'Modestine', 'Husby', 92, 'Indian', 1, 'mhusby1t', 'Cras mi pede, malesuada in, imperdiet et, commodo vulputate, justo. In blandit ultrices enim. Lorem ipsum dolor sit amet, consectetuer adipiscing elit.', 'Kabūdarāhang', null, 'Iran');
insert into Chef (chefid, phonenum, email, datejoined, firstname, lastname, numendorsements, cuisinespecialty, yearsexp, socialtag, bio, city, statename, country) values (67, '913-866-1263', 'cwigg1u@multiply.com', '2024-08-04', 'Cort', 'Wigg', 63, 'Indian', 2, 'cwigg1u', 'Fusce consequat. Nulla nisl. Nunc nisl.

Duis bibendum, felis sed interdum venenatis, turpis enim blandit mi, in porttitor pede justo eu massa. Donec dapibus. Duis at velit eu est congue elementum.

In hac habitasse platea dictumst. Morbi vestibulum, velit id pretium iaculis, diam erat fermentum justo, nec condimentum neque sapien placerat ante. Nulla justo.', 'Nantes', 'Pays de la Loire', 'France');
insert into Chef (chefid, phonenum, email, datejoined, firstname, lastname, numendorsements, cuisinespecialty, yearsexp, socialtag, bio, city, statename, country) values (68, '563-696-0770', 'chartas1v@goodreads.com', '2024-06-04', 'Cchaddie', 'Hartas', 10, 'Japanese', 3, 'chartas1v', 'Duis bibendum. Morbi non quam nec dui luctus rutrum. Nulla tellus.

In sagittis dui vel nisl. Duis ac nibh. Fusce lacus purus, aliquet at, feugiat non, pretium quis, lectus.

Suspendisse potenti. In eleifend quam a odio. In hac habitasse platea dictumst.', 'Imotski', null, 'Croatia');
insert into Chef (chefid, phonenum, email, datejoined, firstname, lastname, numendorsements, cuisinespecialty, yearsexp, socialtag, bio, city, statename, country) values (69, '454-483-6953', 'blassetter1w@house.gov', '2024-05-03', 'Beverlee', 'Lassetter', 19, 'Mexican', 2, 'blassetter1w', 'Phasellus sit amet erat. Nulla tempus. Vivamus in felis eu sapien cursus vestibulum.

Proin eu mi. Nulla ac enim. In tempor, turpis nec euismod scelerisque, quam turpis adipiscing lorem, vitae mattis nibh ligula nec sem.', 'Liuji', null, 'China');
insert into Chef (chefid, phonenum, email, datejoined, firstname, lastname, numendorsements, cuisinespecialty, yearsexp, socialtag, bio, city, statename, country) values (70, '396-539-0126', 'kdabes1x@reference.com', '2024-11-27', 'Kimball', 'Dabes', 16, 'Korean', 3, 'kdabes1x', 'Nulla ut erat id mauris vulputate elementum. Nullam varius. Nulla facilisi.

Cras non velit nec nisi vulputate nonummy. Maecenas tincidunt lacus at velit. Vivamus vel nulla eget eros elementum pellentesque.', 'Chandmanĭ', null, 'Mongolia');
insert into Chef (chefid, phonenum, email, datejoined, firstname, lastname, numendorsements, cuisinespecialty, yearsexp, socialtag, bio, city, statename, country) values (71, '613-793-1760', 'kkilfedder1y@mashable.com', '2025-03-26', 'Karmen', 'Kilfedder', 81, 'Mexican', 2, 'kkilfedder1y', 'Fusce consequat. Nulla nisl. Nunc nisl.', 'Köln', 'Nordrhein-Westfalen', 'Germany');
insert into Chef (chefid, phonenum, email, datejoined, firstname, lastname, numendorsements, cuisinespecialty, yearsexp, socialtag, bio, city, statename, country) values (72, '677-225-6619', 'pcavet1z@baidu.com', '2024-07-18', 'Pansy', 'Cavet', 58, 'Thai', 2, 'pcavet1z', 'Fusce posuere felis sed lacus. Morbi sem mauris, laoreet ut, rhoncus aliquet, pulvinar sed, nisl. Nunc rhoncus dui vel sem.', 'Colonia Nicolich', null, 'Uruguay');
insert into Chef (chefid, phonenum, email, datejoined, firstname, lastname, numendorsements, cuisinespecialty, yearsexp, socialtag, bio, city, statename, country) values (73, '790-101-0809', 'gshillaker20@china.com.cn', '2025-02-04', 'Gearard', 'Shillaker', 32, 'Korean', 1, 'gshillaker20', 'Fusce consequat. Nulla nisl. Nunc nisl.

Duis bibendum, felis sed interdum venenatis, turpis enim blandit mi, in porttitor pede justo eu massa. Donec dapibus. Duis at velit eu est congue elementum.', 'Jiagao', null, 'China');
insert into Chef (chefid, phonenum, email, datejoined, firstname, lastname, numendorsements, cuisinespecialty, yearsexp, socialtag, bio, city, statename, country) values (74, '891-400-0112', 'mchumley21@google.com.au', '2024-12-18', 'Maggie', 'Chumley', 44, 'American', 3, 'mchumley21', 'Duis bibendum. Morbi non quam nec dui luctus rutrum. Nulla tellus.

In sagittis dui vel nisl. Duis ac nibh. Fusce lacus purus, aliquet at, feugiat non, pretium quis, lectus.

Suspendisse potenti. In eleifend quam a odio. In hac habitasse platea dictumst.', 'Rosario', null, 'Philippines');
insert into Chef (chefid, phonenum, email, datejoined, firstname, lastname, numendorsements, cuisinespecialty, yearsexp, socialtag, bio, city, statename, country) values (75, '902-947-0132', 'lmoughtin22@tumblr.com', '2024-12-29', 'Linnell', 'Moughtin', 87, 'American', 2, 'lmoughtin22', 'Suspendisse potenti. In eleifend quam a odio. In hac habitasse platea dictumst.', 'Hino', null, 'Japan');
insert into Chef (chefid, phonenum, email, datejoined, firstname, lastname, numendorsements, cuisinespecialty, yearsexp, socialtag, bio, city, statename, country) values (76, '242-541-9765', 'lyegorchenkov23@bizjournals.com', '2025-03-28', 'Lillian', 'Yegorchenkov', 61, 'North African', 3, 'lyegorchenkov23', 'Cum sociis natoque penatibus et magnis dis parturient montes, nascetur ridiculus mus. Vivamus vestibulum sagittis sapien. Cum sociis natoque penatibus et magnis dis parturient montes, nascetur ridiculus mus.', 'Liangjing', null, 'China');
insert into Chef (chefid, phonenum, email, datejoined, firstname, lastname, numendorsements, cuisinespecialty, yearsexp, socialtag, bio, city, statename, country) values (77, '124-298-6282', 'atellenbach24@bloomberg.com', '2024-12-03', 'Aguste', 'Tellenbach', 88, 'Korean', 3, 'atellenbach24', 'Fusce posuere felis sed lacus. Morbi sem mauris, laoreet ut, rhoncus aliquet, pulvinar sed, nisl. Nunc rhoncus dui vel sem.

Sed sagittis. Nam congue, risus semper porta volutpat, quam pede lobortis ligula, sit amet eleifend pede libero quis orci. Nullam molestie nibh in lectus.', 'Maria', null, 'Indonesia');
insert into Chef (chefid, phonenum, email, datejoined, firstname, lastname, numendorsements, cuisinespecialty, yearsexp, socialtag, bio, city, statename, country) values (78, '726-261-5749', 'kborgars25@google.de', '2025-02-04', 'Kate', 'Borgars', 79, 'Japanese', 1, 'kborgars25', 'Curabitur in libero ut massa volutpat convallis. Morbi odio odio, elementum eu, interdum eu, tincidunt in, leo. Maecenas pulvinar lobortis est.', 'Linfen', null, 'China');
insert into Chef (chefid, phonenum, email, datejoined, firstname, lastname, numendorsements, cuisinespecialty, yearsexp, socialtag, bio, city, statename, country) values (79, '654-792-5581', 'rstowe26@last.fm', '2024-10-17', 'Roanne', 'Stowe', 83, 'Mexican', 3, 'rstowe26', 'Nullam porttitor lacus at turpis. Donec posuere metus vitae ipsum. Aliquam non mauris.', 'Union', null, 'Philippines');
insert into Chef (chefid, phonenum, email, datejoined, firstname, lastname, numendorsements, cuisinespecialty, yearsexp, socialtag, bio, city, statename, country) values (80, '641-962-6656', 'iclemenza27@ehow.com', '2025-01-21', 'Inna', 'Clemenza', 12, 'Korean', 2, 'iclemenza27', 'Sed sagittis. Nam congue, risus semper porta volutpat, quam pede lobortis ligula, sit amet eleifend pede libero quis orci. Nullam molestie nibh in lectus.', 'Karanganyar', null, 'Indonesia');
insert into Chef (chefid, phonenum, email, datejoined, firstname, lastname, numendorsements, cuisinespecialty, yearsexp, socialtag, bio, city, statename, country) values (81, '265-272-5907', 'esiward28@paypal.com', '2025-02-05', 'Else', 'Siward', 34, 'Indian', 1, 'esiward28', 'Fusce posuere felis sed lacus. Morbi sem mauris, laoreet ut, rhoncus aliquet, pulvinar sed, nisl. Nunc rhoncus dui vel sem.

Sed sagittis. Nam congue, risus semper porta volutpat, quam pede lobortis ligula, sit amet eleifend pede libero quis orci. Nullam molestie nibh in lectus.

Pellentesque at nulla. Suspendisse potenti. Cras in purus eu magna vulputate luctus.', 'Al Hilāliyya', null, 'Sudan');
insert into Chef (chefid, phonenum, email, datejoined, firstname, lastname, numendorsements, cuisinespecialty, yearsexp, socialtag, bio, city, statename, country) values (82, '581-286-0119', 'tmatzke29@who.int', '2024-07-06', 'Talia', 'Matzke', 25, 'American', 2, 'tmatzke29', 'Proin leo odio, porttitor id, consequat in, consequat ut, nulla. Sed accumsan felis. Ut at dolor quis odio consequat varius.

Integer ac leo. Pellentesque ultrices mattis odio. Donec vitae nisi.

Nam ultrices, libero non mattis pulvinar, nulla pede ullamcorper augue, a suscipit nulla elit ac nulla. Sed vel enim sit amet nunc viverra dapibus. Nulla suscipit ligula in lacus.', 'Fushëkuqe', null, 'Albania');
insert into Chef (chefid, phonenum, email, datejoined, firstname, lastname, numendorsements, cuisinespecialty, yearsexp, socialtag, bio, city, statename, country) values (83, '811-809-6207', 'lheinsen2a@nasa.gov', '2025-01-10', 'Lothaire', 'Heinsen', 97, 'Thai', 2, 'lheinsen2a', 'Sed ante. Vivamus tortor. Duis mattis egestas metus.

Aenean fermentum. Donec ut mauris eget massa tempor convallis. Nulla neque libero, convallis eget, eleifend luctus, ultricies eu, nibh.', 'San Francisco', null, 'Panama');
insert into Chef (chefid, phonenum, email, datejoined, firstname, lastname, numendorsements, cuisinespecialty, yearsexp, socialtag, bio, city, statename, country) values (84, '168-315-8088', 'plesieur2b@tmall.com', '2024-07-29', 'Philbert', 'Le Sieur', 35, 'Mexican', 3, 'plesieur2b', 'Curabitur gravida nisi at nibh. In hac habitasse platea dictumst. Aliquam augue quam, sollicitudin vitae, consectetuer eget, rutrum at, lorem.

Integer tincidunt ante vel ipsum. Praesent blandit lacinia erat. Vestibulum sed magna at nunc commodo placerat.

Praesent blandit. Nam nulla. Integer pede justo, lacinia eget, tincidunt eget, tempus vel, pede.', 'Tostado', null, 'Argentina');
insert into Chef (chefid, phonenum, email, datejoined, firstname, lastname, numendorsements, cuisinespecialty, yearsexp, socialtag, bio, city, statename, country) values (85, '449-626-3353', 'rpetett2c@telegraph.co.uk', '2025-03-29', 'Randie', 'Petett', 64, 'Thai', 1, 'rpetett2c', 'Proin eu mi. Nulla ac enim. In tempor, turpis nec euismod scelerisque, quam turpis adipiscing lorem, vitae mattis nibh ligula nec sem.

Duis aliquam convallis nunc. Proin at turpis a pede posuere nonummy. Integer non velit.

Donec diam neque, vestibulum eget, vulputate ut, ultrices vel, augue. Vestibulum ante ipsum primis in faucibus orci luctus et ultrices posuere cubilia Curae; Donec pharetra, magna vestibulum aliquet ultrices, erat tortor sollicitudin mi, sit amet lobortis sapien sapien non mi. Integer ac neque.', 'Ban Mai', null, 'Thailand');
insert into Chef (chefid, phonenum, email, datejoined, firstname, lastname, numendorsements, cuisinespecialty, yearsexp, socialtag, bio, city, statename, country) values (86, '265-212-4819', 'tdalling2d@hibu.com', '2024-11-21', 'Tess', 'Dalling', 58, 'North African', 1, 'tdalling2d', 'Morbi non lectus. Aliquam sit amet diam in magna bibendum imperdiet. Nullam orci pede, venenatis non, sodales sed, tincidunt eu, felis.', 'Petkovci', null, 'Bosnia and Herzegovina');
insert into Chef (chefid, phonenum, email, datejoined, firstname, lastname, numendorsements, cuisinespecialty, yearsexp, socialtag, bio, city, statename, country) values (87, '332-887-6402', 'mrapaport2e@networksolutions.com', '2024-10-03', 'Morly', 'Rapaport', 15, 'French', 2, 'mrapaport2e', 'Praesent id massa id nisl venenatis lacinia. Aenean sit amet justo. Morbi ut odio.

Cras mi pede, malesuada in, imperdiet et, commodo vulputate, justo. In blandit ultrices enim. Lorem ipsum dolor sit amet, consectetuer adipiscing elit.

Proin interdum mauris non ligula pellentesque ultrices. Phasellus id sapien in sapien iaculis congue. Vivamus metus arcu, adipiscing molestie, hendrerit at, vulputate vitae, nisl.', 'Sortavala', null, 'Russia');
insert into Chef (chefid, phonenum, email, datejoined, firstname, lastname, numendorsements, cuisinespecialty, yearsexp, socialtag, bio, city, statename, country) values (88, '432-208-7994', 'ahandsheart2f@earthlink.net', '2024-06-01', 'Annabel', 'Handsheart', 56, 'Japanese', 1, 'ahandsheart2f', 'Curabitur in libero ut massa volutpat convallis. Morbi odio odio, elementum eu, interdum eu, tincidunt in, leo. Maecenas pulvinar lobortis est.

Phasellus sit amet erat. Nulla tempus. Vivamus in felis eu sapien cursus vestibulum.', 'Sendafa', null, 'Ethiopia');
insert into Chef (chefid, phonenum, email, datejoined, firstname, lastname, numendorsements, cuisinespecialty, yearsexp, socialtag, bio, city, statename, country) values (89, '606-338-9222', 'afasset2g@unesco.org', '2025-02-15', 'Annabell', 'Fasset', 93, 'Japanese', 3, 'afasset2g', 'Nullam porttitor lacus at turpis. Donec posuere metus vitae ipsum. Aliquam non mauris.

Morbi non lectus. Aliquam sit amet diam in magna bibendum imperdiet. Nullam orci pede, venenatis non, sodales sed, tincidunt eu, felis.

Fusce posuere felis sed lacus. Morbi sem mauris, laoreet ut, rhoncus aliquet, pulvinar sed, nisl. Nunc rhoncus dui vel sem.', 'Shahe', null, 'China');
insert into Chef (chefid, phonenum, email, datejoined, firstname, lastname, numendorsements, cuisinespecialty, yearsexp, socialtag, bio, city, statename, country) values (90, '400-580-0605', 'tgraffham2h@nih.gov', '2025-02-22', 'Taylor', 'Graffham', 61, 'Korean', 3, 'tgraffham2h', 'Aenean lectus. Pellentesque eget nunc. Donec quis orci eget orci vehicula condimentum.', 'Bintang', null, 'Indonesia');

insert into Recipe (recipeid, servings, difficulty, calories, recipename, publishdate, description, cuisine, preptimemins, cooktimemins, videourl, numreviews, numviews, numshares, newssubstat, isfeatured, chefid) values (1, 20, 'Intermediate', 838, 'Curry', '2024-11-02', 'Curabitur at ipsum ac tellus semper interdum. Mauris ullamcorper purus sit amet nulla. Quisque arcu libero, rutrum ac, lobortis vel, dapibus at, diam.', 'French', 90, 173, 'http://dummyimage.com/240x100.png/ff4444/ffffff', 7, 18194, 518, 'Submitted', 4, 80);
insert into Recipe (recipeid, servings, difficulty, calories, recipename, publishdate, description, cuisine, preptimemins, cooktimemins, videourl, numreviews, numviews, numshares, newssubstat, isfeatured, chefid) values (2, 22, 'Advanced', 115, 'Egg', '2024-06-22', 'Proin eu mi. Nulla ac enim. In tempor, turpis nec euismod scelerisque, quam turpis adipiscing lorem, vitae mattis nibh ligula nec sem.', 'Chinese', 67, 113, 'http://dummyimage.com/183x100.png/5fa2dd/ffffff', 17, 2686, 838, 'Not submitted', 26, 81);
insert into Recipe (recipeid, servings, difficulty, calories, recipename, publishdate, description, cuisine, preptimemins, cooktimemins, videourl, numreviews, numviews, numshares, newssubstat, isfeatured, chefid) values (3, 16, 'Advanced', 442, 'Pad Thai', '2024-07-20', 'Nullam sit amet turpis elementum ligula vehicula consequat. Morbi a ipsum. Integer a nibh.', 'French', 24, 66, 'http://dummyimage.com/191x100.png/ff4444/ffffff', 10, 15717, 1631, 'Submitted', 1, 85);
insert into Recipe (recipeid, servings, difficulty, calories, recipename, publishdate, description, cuisine, preptimemins, cooktimemins, videourl, numreviews, numviews, numshares, newssubstat, isfeatured, chefid) values (4, 11, 'Beginner', 630, 'Muffin', '2024-10-01', 'Pellentesque at nulla. Suspendisse potenti. Cras in purus eu magna vulputate luctus.', 'Japanese', 36, 127, 'http://dummyimage.com/204x100.png/dddddd/000000', 3, 5386, 30, 'Submitted', 97, 73);
insert into Recipe (recipeid, servings, difficulty, calories, recipename, publishdate, description, cuisine, preptimemins, cooktimemins, videourl, numreviews, numviews, numshares, newssubstat, isfeatured, chefid) values (5, 18, 'Advanced', 484, 'Muffin', '2024-07-07', 'In congue. Etiam justo. Etiam pretium iaculis justo.', 'Italian', 106, 145, 'http://dummyimage.com/150x100.png/dddddd/000000', 3, 7518, 611, 'Submitted', 51, 71);
insert into Recipe (recipeid, servings, difficulty, calories, recipename, publishdate, description, cuisine, preptimemins, cooktimemins, videourl, numreviews, numviews, numshares, newssubstat, isfeatured, chefid) values (6, 3, 'Intermediate', 210, 'Curry', '2025-02-17', 'Etiam vel augue. Vestibulum rutrum rutrum neque. Aenean auctor gravida sem.', 'Indian', 47, 122, 'http://dummyimage.com/167x100.png/dddddd/000000', 15, 6312, 228, 'Not submitted', 41, 90);
insert into Recipe (recipeid, servings, difficulty, calories, recipename, publishdate, description, cuisine, preptimemins, cooktimemins, videourl, numreviews, numviews, numshares, newssubstat, isfeatured, chefid) values (7, 1, 'Intermediate', 866, 'Cake', '2025-02-10', 'Nullam sit amet turpis elementum ligula vehicula consequat. Morbi a ipsum. Integer a nibh.', 'Mexican', 14, 98, 'http://dummyimage.com/146x100.png/5fa2dd/ffffff', 10, 17961, 1439, 'Submitted', 16, 83);
insert into Recipe (recipeid, servings, difficulty, calories, recipename, publishdate, description, cuisine, preptimemins, cooktimemins, videourl, numreviews, numviews, numshares, newssubstat, isfeatured, chefid) values (8, 6, 'Advanced', 534, 'Pad Thai', '2024-07-16', 'Fusce posuere felis sed lacus. Morbi sem mauris, laoreet ut, rhoncus aliquet, pulvinar sed, nisl. Nunc rhoncus dui vel sem.', 'Thai', 63, 109, 'http://dummyimage.com/214x100.png/5fa2dd/ffffff', 4, 17265, 873, 'Not submitted', 9, 63);
insert into Recipe (recipeid, servings, difficulty, calories, recipename, publishdate, description, cuisine, preptimemins, cooktimemins, videourl, numreviews, numviews, numshares, newssubstat, isfeatured, chefid) values (9, 17, 'Beginner', 501, 'Pad Thai', '2024-09-17', 'Morbi porttitor lorem id ligula. Suspendisse ornare consequat lectus. In est risus, auctor sed, tristique in, tempus sit amet, sem.', 'Italian', 6, 131, 'http://dummyimage.com/143x100.png/cc0000/ffffff', 20, 6807, 1228, 'Submitted', 14, 77);
insert into Recipe (recipeid, servings, difficulty, calories, recipename, publishdate, description, cuisine, preptimemins, cooktimemins, videourl, numreviews, numviews, numshares, newssubstat, isfeatured, chefid) values (10, 10, 'Advanced', 117, 'Egg', '2024-10-09', 'Nam ultrices, libero non mattis pulvinar, nulla pede ullamcorper augue, a suscipit nulla elit ac nulla. Sed vel enim sit amet nunc viverra dapibus. Nulla suscipit ligula in lacus.', 'Mexican', 117, 117, 'http://dummyimage.com/245x100.png/ff4444/ffffff', 1, 9180, 481, 'Submitted', 52, 71);
insert into Recipe (recipeid, servings, difficulty, calories, recipename, publishdate, description, cuisine, preptimemins, cooktimemins, videourl, numreviews, numviews, numshares, newssubstat, isfeatured, chefid) values (11, 4, 'Beginner', 849, 'Curry', '2024-07-25', 'Nam ultrices, libero non mattis pulvinar, nulla pede ullamcorper augue, a suscipit nulla elit ac nulla. Sed vel enim sit amet nunc viverra dapibus. Nulla suscipit ligula in lacus.', 'Italian', 67, 82, 'http://dummyimage.com/224x100.png/5fa2dd/ffffff', 4, 7687, 1077, 'Submitted', 98, 78);
insert into Recipe (recipeid, servings, difficulty, calories, recipename, publishdate, description, cuisine, preptimemins, cooktimemins, videourl, numreviews, numviews, numshares, newssubstat, isfeatured, chefid) values (12, 7, 'Advanced', 614, 'Cake', '2024-10-22', 'Mauris enim leo, rhoncus sed, vestibulum sit amet, cursus id, turpis. Integer aliquet, massa id lobortis convallis, tortor risus dapibus augue, vel accumsan tellus nisi eu orci. Mauris lacinia sapien quis libero.', 'North African', 48, 69, 'http://dummyimage.com/169x100.png/ff4444/ffffff', 15, 12361, 1851, 'Not submitted', 36, 81);
insert into Recipe (recipeid, servings, difficulty, calories, recipename, publishdate, description, cuisine, preptimemins, cooktimemins, videourl, numreviews, numviews, numshares, newssubstat, isfeatured, chefid) values (13, 22, 'Beginner', 551, 'Steak', '2024-07-18', 'Quisque porta volutpat erat. Quisque erat eros, viverra eget, congue eget, semper rutrum, nulla. Nunc purus.', 'Chinese', 30, 127, 'http://dummyimage.com/169x100.png/5fa2dd/ffffff', 4, 2638, 1358, 'Not submitted', 1, 90);
insert into Recipe (recipeid, servings, difficulty, calories, recipename, publishdate, description, cuisine, preptimemins, cooktimemins, videourl, numreviews, numviews, numshares, newssubstat, isfeatured, chefid) values (14, 8, 'Beginner', 676, 'Huevos Rancheros', '2025-04-09', 'Integer tincidunt ante vel ipsum. Praesent blandit lacinia erat. Vestibulum sed magna at nunc commodo placerat.', 'Italian', 86, 83, 'http://dummyimage.com/176x100.png/ff4444/ffffff', 11, 18677, 1921, 'Not submitted', 81, 67);
insert into Recipe (recipeid, servings, difficulty, calories, recipename, publishdate, description, cuisine, preptimemins, cooktimemins, videourl, numreviews, numviews, numshares, newssubstat, isfeatured, chefid) values (15, 5, 'Beginner', 967, 'Egg', '2025-01-21', 'Duis aliquam convallis nunc. Proin at turpis a pede posuere nonummy. Integer non velit.', 'Korean', 12, 20, 'http://dummyimage.com/209x100.png/ff4444/ffffff', 17, 16947, 1157, 'Not submitted', 99, 88);
insert into Recipe (recipeid, servings, difficulty, calories, recipename, publishdate, description, cuisine, preptimemins, cooktimemins, videourl, numreviews, numviews, numshares, newssubstat, isfeatured, chefid) values (16, 11, 'Intermediate', 202, 'Huevos Rancheros', '2024-11-24', 'Cum sociis natoque penatibus et magnis dis parturient montes, nascetur ridiculus mus. Vivamus vestibulum sagittis sapien. Cum sociis natoque penatibus et magnis dis parturient montes, nascetur ridiculus mus.', 'French', 30, 52, 'http://dummyimage.com/190x100.png/cc0000/ffffff', 15, 9560, 660, 'Not submitted', 63, 86);
insert into Recipe (recipeid, servings, difficulty, calories, recipename, publishdate, description, cuisine, preptimemins, cooktimemins, videourl, numreviews, numviews, numshares, newssubstat, isfeatured, chefid) values (17, 6, 'Intermediate', 294, 'Curry', '2025-02-05', 'Fusce posuere felis sed lacus. Morbi sem mauris, laoreet ut, rhoncus aliquet, pulvinar sed, nisl. Nunc rhoncus dui vel sem.', 'Korean', 118, 180, 'http://dummyimage.com/123x100.png/cc0000/ffffff', 13, 18491, 1003, 'Not submitted', 25, 80);
insert into Recipe (recipeid, servings, difficulty, calories, recipename, publishdate, description, cuisine, preptimemins, cooktimemins, videourl, numreviews, numviews, numshares, newssubstat, isfeatured, chefid) values (18, 18, 'Intermediate', 982, 'Curry', '2024-12-01', 'Proin interdum mauris non ligula pellentesque ultrices. Phasellus id sapien in sapien iaculis congue. Vivamus metus arcu, adipiscing molestie, hendrerit at, vulputate vitae, nisl.', 'Chinese', 6, 110, 'http://dummyimage.com/178x100.png/5fa2dd/ffffff', 4, 6640, 367, 'Not submitted', 53, 84);
insert into Recipe (recipeid, servings, difficulty, calories, recipename, publishdate, description, cuisine, preptimemins, cooktimemins, videourl, numreviews, numviews, numshares, newssubstat, isfeatured, chefid) values (19, 6, 'Beginner', 875, 'Muffin', '2024-12-22', 'In hac habitasse platea dictumst. Morbi vestibulum, velit id pretium iaculis, diam erat fermentum justo, nec condimentum neque sapien placerat ante. Nulla justo.', 'Italian', 59, 80, 'http://dummyimage.com/233x100.png/5fa2dd/ffffff', 7, 16469, 1786, 'Not submitted', 62, 79);
insert into Recipe (recipeid, servings, difficulty, calories, recipename, publishdate, description, cuisine, preptimemins, cooktimemins, videourl, numreviews, numviews, numshares, newssubstat, isfeatured, chefid) values (20, 23, 'Beginner', 900, 'Huevos Rancheros', '2024-07-27', 'Praesent blandit. Nam nulla. Integer pede justo, lacinia eget, tincidunt eget, tempus vel, pede.', 'Chinese', 19, 136, 'http://dummyimage.com/191x100.png/ff4444/ffffff', 3, 1132, 1205, 'Not submitted', 91, 76);
insert into Recipe (recipeid, servings, difficulty, calories, recipename, publishdate, description, cuisine, preptimemins, cooktimemins, videourl, numreviews, numviews, numshares, newssubstat, isfeatured, chefid) values (21, 17, 'Advanced', 405, 'Pad Thai', '2025-01-19', 'Duis bibendum, felis sed interdum venenatis, turpis enim blandit mi, in porttitor pede justo eu massa. Donec dapibus. Duis at velit eu est congue elementum.', 'Korean', 84, 90, 'http://dummyimage.com/111x100.png/ff4444/ffffff', 16, 7875, 892, 'Submitted', 22, 86);
insert into Recipe (recipeid, servings, difficulty, calories, recipename, publishdate, description, cuisine, preptimemins, cooktimemins, videourl, numreviews, numviews, numshares, newssubstat, isfeatured, chefid) values (22, 18, 'Advanced', 782, 'Muffin', '2024-08-29', 'Mauris enim leo, rhoncus sed, vestibulum sit amet, cursus id, turpis. Integer aliquet, massa id lobortis convallis, tortor risus dapibus augue, vel accumsan tellus nisi eu orci. Mauris lacinia sapien quis libero.', 'Japanese', 114, 81, 'http://dummyimage.com/177x100.png/ff4444/ffffff', 6, 18315, 244, 'Not submitted', 27, 78);
insert into Recipe (recipeid, servings, difficulty, calories, recipename, publishdate, description, cuisine, preptimemins, cooktimemins, videourl, numreviews, numviews, numshares, newssubstat, isfeatured, chefid) values (23, 6, 'Advanced', 939, 'Egg', '2024-06-20', 'Phasellus in felis. Donec semper sapien a libero. Nam dui.', 'Japanese', 108, 116, 'http://dummyimage.com/235x100.png/cc0000/ffffff', 12, 13567, 1619, 'Submitted', 65, 62);
insert into Recipe (recipeid, servings, difficulty, calories, recipename, publishdate, description, cuisine, preptimemins, cooktimemins, videourl, numreviews, numviews, numshares, newssubstat, isfeatured, chefid) values (24, 3, 'Intermediate', 723, 'Cake', '2024-07-20', 'Vestibulum ac est lacinia nisi venenatis tristique. Fusce congue, diam id ornare imperdiet, sapien urna pretium nisl, ut volutpat sapien arcu sed augue. Aliquam erat volutpat.', 'Mexican', 88, 136, 'http://dummyimage.com/142x100.png/cc0000/ffffff', 19, 4112, 1358, 'Not submitted', 59, 61);
insert into Recipe (recipeid, servings, difficulty, calories, recipename, publishdate, description, cuisine, preptimemins, cooktimemins, videourl, numreviews, numviews, numshares, newssubstat, isfeatured, chefid) values (25, 16, 'Advanced', 217, 'Muffin', '2024-08-09', 'In congue. Etiam justo. Etiam pretium iaculis justo.', 'Mexican', 73, 22, 'http://dummyimage.com/104x100.png/ff4444/ffffff', 3, 7071, 590, 'Not submitted', 96, 64);
insert into Recipe (recipeid, servings, difficulty, calories, recipename, publishdate, description, cuisine, preptimemins, cooktimemins, videourl, numreviews, numviews, numshares, newssubstat, isfeatured, chefid) values (26, 19, 'Beginner', 379, 'Egg', '2025-02-05', 'Lorem ipsum dolor sit amet, consectetuer adipiscing elit. Proin risus. Praesent lectus.', 'Italian', 61, 86, 'http://dummyimage.com/131x100.png/dddddd/000000', 13, 1325, 1312, 'Not submitted', 42, 68);
insert into Recipe (recipeid, servings, difficulty, calories, recipename, publishdate, description, cuisine, preptimemins, cooktimemins, videourl, numreviews, numviews, numshares, newssubstat, isfeatured, chefid) values (27, 22, 'Advanced', 684, 'Egg', '2024-11-16', 'Maecenas tristique, est et tempus semper, est quam pharetra magna, ac consequat metus sapien ut nunc. Vestibulum ante ipsum primis in faucibus orci luctus et ultrices posuere cubilia Curae; Mauris viverra diam vitae quam. Suspendisse potenti.', 'Japanese', 49, 128, 'http://dummyimage.com/185x100.png/ff4444/ffffff', 18, 19511, 739, 'Not submitted', 99, 78);
insert into Recipe (recipeid, servings, difficulty, calories, recipename, publishdate, description, cuisine, preptimemins, cooktimemins, videourl, numreviews, numviews, numshares, newssubstat, isfeatured, chefid) values (28, 5, 'Advanced', 479, 'Cake', '2025-02-08', 'Lorem ipsum dolor sit amet, consectetuer adipiscing elit. Proin risus. Praesent lectus.', 'Mexican', 116, 103, 'http://dummyimage.com/242x100.png/cc0000/ffffff', 4, 5792, 1070, 'Submitted', 20, 68);
insert into Recipe (recipeid, servings, difficulty, calories, recipename, publishdate, description, cuisine, preptimemins, cooktimemins, videourl, numreviews, numviews, numshares, newssubstat, isfeatured, chefid) values (29, 6, 'Intermediate', 432, 'Muffin', '2024-12-05', 'Morbi porttitor lorem id ligula. Suspendisse ornare consequat lectus. In est risus, auctor sed, tristique in, tempus sit amet, sem.', 'French', 117, 89, 'http://dummyimage.com/208x100.png/cc0000/ffffff', 17, 1195, 1591, 'Submitted', 18, 85);
insert into Recipe (recipeid, servings, difficulty, calories, recipename, publishdate, description, cuisine, preptimemins, cooktimemins, videourl, numreviews, numviews, numshares, newssubstat, isfeatured, chefid) values (30, 24, 'Advanced', 173, 'Curry', '2024-04-11', 'Curabitur at ipsum ac tellus semper interdum. Mauris ullamcorper purus sit amet nulla. Quisque arcu libero, rutrum ac, lobortis vel, dapibus at, diam.', 'French', 38, 113, 'http://dummyimage.com/122x100.png/ff4444/ffffff', 7, 16734, 1301, 'Submitted', 73, 90);
insert into Recipe (recipeid, servings, difficulty, calories, recipename, publishdate, description, cuisine, preptimemins, cooktimemins, videourl, numreviews, numviews, numshares, newssubstat, isfeatured, chefid) values (31, 12, 'Beginner', 293, 'Huevos Rancheros', '2024-04-21', 'Proin leo odio, porttitor id, consequat in, consequat ut, nulla. Sed accumsan felis. Ut at dolor quis odio consequat varius.', 'Indian', 41, 174, 'http://dummyimage.com/193x100.png/cc0000/ffffff', 1, 9240, 1718, 'Not submitted', 28, 77);
insert into Recipe (recipeid, servings, difficulty, calories, recipename, publishdate, description, cuisine, preptimemins, cooktimemins, videourl, numreviews, numviews, numshares, newssubstat, isfeatured, chefid) values (32, 19, 'Beginner', 879, 'Egg', '2024-12-21', 'Pellentesque at nulla. Suspendisse potenti. Cras in purus eu magna vulputate luctus.', 'Indian', 89, 105, 'http://dummyimage.com/190x100.png/ff4444/ffffff', 14, 8096, 1169, 'Not submitted', 60, 75);
insert into Recipe (recipeid, servings, difficulty, calories, recipename, publishdate, description, cuisine, preptimemins, cooktimemins, videourl, numreviews, numviews, numshares, newssubstat, isfeatured, chefid) values (33, 5, 'Intermediate', 837, 'Muffin', '2025-02-26', 'Aenean lectus. Pellentesque eget nunc. Donec quis orci eget orci vehicula condimentum.', 'Thai', 49, 26, 'http://dummyimage.com/162x100.png/dddddd/000000', 1, 18171, 183, 'Submitted', 24, 81);
insert into Recipe (recipeid, servings, difficulty, calories, recipename, publishdate, description, cuisine, preptimemins, cooktimemins, videourl, numreviews, numviews, numshares, newssubstat, isfeatured, chefid) values (34, 4, 'Advanced', 864, 'Pad Thai', '2024-12-24', 'Fusce posuere felis sed lacus. Morbi sem mauris, laoreet ut, rhoncus aliquet, pulvinar sed, nisl. Nunc rhoncus dui vel sem.', 'Chinese', 87, 54, 'http://dummyimage.com/214x100.png/ff4444/ffffff', 5, 10565, 1009, 'Submitted', 88, 77);
insert into Recipe (recipeid, servings, difficulty, calories, recipename, publishdate, description, cuisine, preptimemins, cooktimemins, videourl, numreviews, numviews, numshares, newssubstat, isfeatured, chefid) values (35, 18, 'Intermediate', 123, 'Cake', '2024-06-11', 'Nam ultrices, libero non mattis pulvinar, nulla pede ullamcorper augue, a suscipit nulla elit ac nulla. Sed vel enim sit amet nunc viverra dapibus. Nulla suscipit ligula in lacus.', 'Mexican', 58, 113, 'http://dummyimage.com/128x100.png/cc0000/ffffff', 16, 19742, 1165, 'Submitted', 86, 64);
insert into Recipe (recipeid, servings, difficulty, calories, recipename, publishdate, description, cuisine, preptimemins, cooktimemins, videourl, numreviews, numviews, numshares, newssubstat, isfeatured, chefid) values (36, 5, 'Intermediate', 911, 'Egg', '2024-10-13', 'Praesent blandit. Nam nulla. Integer pede justo, lacinia eget, tincidunt eget, tempus vel, pede.', 'Indian', 54, 52, 'http://dummyimage.com/173x100.png/ff4444/ffffff', 10, 18683, 1443, 'Not submitted', 21, 72);
insert into Recipe (recipeid, servings, difficulty, calories, recipename, publishdate, description, cuisine, preptimemins, cooktimemins, videourl, numreviews, numviews, numshares, newssubstat, isfeatured, chefid) values (37, 8, 'Beginner', 366, 'Pad Thai', '2024-06-11', 'Suspendisse potenti. In eleifend quam a odio. In hac habitasse platea dictumst.', 'Indian', 66, 110, 'http://dummyimage.com/183x100.png/ff4444/ffffff', 5, 9902, 640, 'Submitted', 11, 73);
insert into Recipe (recipeid, servings, difficulty, calories, recipename, publishdate, description, cuisine, preptimemins, cooktimemins, videourl, numreviews, numviews, numshares, newssubstat, isfeatured, chefid) values (38, 14, 'Intermediate', 233, 'Steak', '2024-07-03', 'Nullam sit amet turpis elementum ligula vehicula consequat. Morbi a ipsum. Integer a nibh.', 'Japanese', 96, 139, 'http://dummyimage.com/243x100.png/cc0000/ffffff', 20, 5501, 1838, 'Submitted', 20, 61);
insert into Recipe (recipeid, servings, difficulty, calories, recipename, publishdate, description, cuisine, preptimemins, cooktimemins, videourl, numreviews, numviews, numshares, newssubstat, isfeatured, chefid) values (39, 16, 'Intermediate', 843, 'Steak', '2025-02-26', 'Praesent blandit. Nam nulla. Integer pede justo, lacinia eget, tincidunt eget, tempus vel, pede.', 'Mexican', 56, 49, 'http://dummyimage.com/154x100.png/ff4444/ffffff', 17, 2842, 275, 'Not submitted', 65, 81);
insert into Recipe (recipeid, servings, difficulty, calories, recipename, publishdate, description, cuisine, preptimemins, cooktimemins, videourl, numreviews, numviews, numshares, newssubstat, isfeatured, chefid) values (40, 10, 'Beginner', 905, 'Pad Thai', '2024-10-01', 'In hac habitasse platea dictumst. Etiam faucibus cursus urna. Ut tellus.', 'American', 78, 57, 'http://dummyimage.com/236x100.png/ff4444/ffffff', 18, 19646, 1233, 'Not submitted', 31, 84);
insert into Recipe (recipeid, servings, difficulty, calories, recipename, publishdate, description, cuisine, preptimemins, cooktimemins, videourl, numreviews, numviews, numshares, newssubstat, isfeatured, chefid) values (41, 17, 'Advanced', 730, 'Cake', '2024-12-11', 'Pellentesque at nulla. Suspendisse potenti. Cras in purus eu magna vulputate luctus.', 'American', 112, 179, 'http://dummyimage.com/113x100.png/ff4444/ffffff', 18, 2910, 366, 'Submitted', 11, 84);
insert into Recipe (recipeid, servings, difficulty, calories, recipename, publishdate, description, cuisine, preptimemins, cooktimemins, videourl, numreviews, numviews, numshares, newssubstat, isfeatured, chefid) values (42, 15, 'Advanced', 707, 'Egg', '2025-01-31', 'In hac habitasse platea dictumst. Etiam faucibus cursus urna. Ut tellus.', 'American', 89, 53, 'http://dummyimage.com/226x100.png/dddddd/000000', 7, 15805, 1292, 'Not submitted', 34, 89);
insert into Recipe (recipeid, servings, difficulty, calories, recipename, publishdate, description, cuisine, preptimemins, cooktimemins, videourl, numreviews, numviews, numshares, newssubstat, isfeatured, chefid) values (43, 17, 'Beginner', 412, 'Muffin', '2024-06-20', 'Quisque porta volutpat erat. Quisque erat eros, viverra eget, congue eget, semper rutrum, nulla. Nunc purus.', 'Indian', 114, 65, 'http://dummyimage.com/193x100.png/cc0000/ffffff', 6, 4197, 1953, 'Submitted', 9, 69);
insert into Recipe (recipeid, servings, difficulty, calories, recipename, publishdate, description, cuisine, preptimemins, cooktimemins, videourl, numreviews, numviews, numshares, newssubstat, isfeatured, chefid) values (44, 2, 'Intermediate', 794, 'Pad Thai', '2024-04-28', 'Nam ultrices, libero non mattis pulvinar, nulla pede ullamcorper augue, a suscipit nulla elit ac nulla. Sed vel enim sit amet nunc viverra dapibus. Nulla suscipit ligula in lacus.', 'Korean', 89, 38, 'http://dummyimage.com/167x100.png/dddddd/000000', 16, 4568, 701, 'Not submitted', 1, 70);
insert into Recipe (recipeid, servings, difficulty, calories, recipename, publishdate, description, cuisine, preptimemins, cooktimemins, videourl, numreviews, numviews, numshares, newssubstat, isfeatured, chefid) values (45, 19, 'Beginner', 482, 'Huevos Rancheros', '2025-02-27', 'Sed sagittis. Nam congue, risus semper porta volutpat, quam pede lobortis ligula, sit amet eleifend pede libero quis orci. Nullam molestie nibh in lectus.', 'Chinese', 58, 98, 'http://dummyimage.com/191x100.png/dddddd/000000', 19, 364, 674, 'Submitted', 54, 70);
insert into Recipe (recipeid, servings, difficulty, calories, recipename, publishdate, description, cuisine, preptimemins, cooktimemins, videourl, numreviews, numviews, numshares, newssubstat, isfeatured, chefid) values (46, 8, 'Intermediate', 267, 'Muffin', '2024-05-16', 'Aliquam quis turpis eget elit sodales scelerisque. Mauris sit amet eros. Suspendisse accumsan tortor quis turpis.', 'Indian', 105, 62, 'http://dummyimage.com/134x100.png/5fa2dd/ffffff', 6, 18876, 94, 'Submitted', 24, 85);
insert into Recipe (recipeid, servings, difficulty, calories, recipename, publishdate, description, cuisine, preptimemins, cooktimemins, videourl, numreviews, numviews, numshares, newssubstat, isfeatured, chefid) values (47, 24, 'Intermediate', 912, 'Curry', '2024-05-07', 'Maecenas ut massa quis augue luctus tincidunt. Nulla mollis molestie lorem. Quisque ut erat.', 'Chinese', 37, 115, 'http://dummyimage.com/131x100.png/cc0000/ffffff', 12, 4334, 493, 'Not submitted', 7, 78);
insert into Recipe (recipeid, servings, difficulty, calories, recipename, publishdate, description, cuisine, preptimemins, cooktimemins, videourl, numreviews, numviews, numshares, newssubstat, isfeatured, chefid) values (48, 19, 'Intermediate', 637, 'Huevos Rancheros', '2024-09-21', 'Etiam vel augue. Vestibulum rutrum rutrum neque. Aenean auctor gravida sem.', 'North African', 35, 56, 'http://dummyimage.com/140x100.png/cc0000/ffffff', 18, 17815, 1112, 'Not submitted', 88, 62);
insert into Recipe (recipeid, servings, difficulty, calories, recipename, publishdate, description, cuisine, preptimemins, cooktimemins, videourl, numreviews, numviews, numshares, newssubstat, isfeatured, chefid) values (49, 18, 'Beginner', 183, 'Curry', '2024-11-04', 'In congue. Etiam justo. Etiam pretium iaculis justo.', 'North African', 40, 35, 'http://dummyimage.com/162x100.png/cc0000/ffffff', 19, 7402, 864, 'Submitted', 81, 72);
insert into Recipe (recipeid, servings, difficulty, calories, recipename, publishdate, description, cuisine, preptimemins, cooktimemins, videourl, numreviews, numviews, numshares, newssubstat, isfeatured, chefid) values (50, 6, 'Intermediate', 238, 'Huevos Rancheros', '2024-06-10', 'Sed sagittis. Nam congue, risus semper porta volutpat, quam pede lobortis ligula, sit amet eleifend pede libero quis orci. Nullam molestie nibh in lectus.', 'Mexican', 46, 59, 'http://dummyimage.com/112x100.png/5fa2dd/ffffff', 7, 4565, 201, 'Not submitted', 39, 62);
insert into Recipe (recipeid, servings, difficulty, calories, recipename, publishdate, description, cuisine, preptimemins, cooktimemins, videourl, numreviews, numviews, numshares, newssubstat, isfeatured, chefid) values (51, 18, 'Advanced', 932, 'Curry', '2024-12-26', 'Vestibulum quam sapien, varius ut, blandit non, interdum in, ante. Vestibulum ante ipsum primis in faucibus orci luctus et ultrices posuere cubilia Curae; Duis faucibus accumsan odio. Curabitur convallis.', 'French', 17, 41, 'http://dummyimage.com/193x100.png/cc0000/ffffff', 14, 9063, 606, 'Submitted', 60, 87);
insert into Recipe (recipeid, servings, difficulty, calories, recipename, publishdate, description, cuisine, preptimemins, cooktimemins, videourl, numreviews, numviews, numshares, newssubstat, isfeatured, chefid) values (52, 19, 'Beginner', 854, 'Huevos Rancheros', '2024-11-24', 'Nulla ut erat id mauris vulputate elementum. Nullam varius. Nulla facilisi.', 'Thai', 90, 80, 'http://dummyimage.com/115x100.png/cc0000/ffffff', 5, 9490, 1392, 'Submitted', 59, 78);
insert into Recipe (recipeid, servings, difficulty, calories, recipename, publishdate, description, cuisine, preptimemins, cooktimemins, videourl, numreviews, numviews, numshares, newssubstat, isfeatured, chefid) values (53, 2, 'Advanced', 228, 'Curry', '2025-04-03', 'Quisque porta volutpat erat. Quisque erat eros, viverra eget, congue eget, semper rutrum, nulla. Nunc purus.', 'Chinese', 28, 72, 'http://dummyimage.com/144x100.png/cc0000/ffffff', 17, 6328, 1917, 'Submitted', 1, 83);
insert into Recipe (recipeid, servings, difficulty, calories, recipename, publishdate, description, cuisine, preptimemins, cooktimemins, videourl, numreviews, numviews, numshares, newssubstat, isfeatured, chefid) values (54, 5, 'Advanced', 161, 'Cake', '2025-01-21', 'Praesent id massa id nisl venenatis lacinia. Aenean sit amet justo. Morbi ut odio.', 'Thai', 21, 38, 'http://dummyimage.com/212x100.png/5fa2dd/ffffff', 7, 10256, 1638, 'Submitted', 39, 62);
insert into Recipe (recipeid, servings, difficulty, calories, recipename, publishdate, description, cuisine, preptimemins, cooktimemins, videourl, numreviews, numviews, numshares, newssubstat, isfeatured, chefid) values (55, 23, 'Intermediate', 703, 'Cake', '2024-11-15', 'Sed sagittis. Nam congue, risus semper porta volutpat, quam pede lobortis ligula, sit amet eleifend pede libero quis orci. Nullam molestie nibh in lectus.', 'Mexican', 33, 28, 'http://dummyimage.com/239x100.png/cc0000/ffffff', 12, 9073, 263, 'Submitted', 1, 79);
insert into Recipe (recipeid, servings, difficulty, calories, recipename, publishdate, description, cuisine, preptimemins, cooktimemins, videourl, numreviews, numviews, numshares, newssubstat, isfeatured, chefid) values (56, 4, 'Intermediate', 664, 'Egg', '2025-01-12', 'Duis consequat dui nec nisi volutpat eleifend. Donec ut dolor. Morbi vel lectus in quam fringilla rhoncus.', 'French', 84, 57, 'http://dummyimage.com/117x100.png/5fa2dd/ffffff', 11, 8078, 1803, 'Not submitted', 21, 83);
insert into Recipe (recipeid, servings, difficulty, calories, recipename, publishdate, description, cuisine, preptimemins, cooktimemins, videourl, numreviews, numviews, numshares, newssubstat, isfeatured, chefid) values (57, 3, 'Intermediate', 840, 'Cake', '2024-09-30', 'Sed sagittis. Nam congue, risus semper porta volutpat, quam pede lobortis ligula, sit amet eleifend pede libero quis orci. Nullam molestie nibh in lectus.', 'Chinese', 102, 109, 'http://dummyimage.com/174x100.png/5fa2dd/ffffff', 16, 828, 771, 'Not submitted', 86, 71);

insert into Ingredient (ingredientid, ingredientname, calperunit, measureunit, costperunit) values (1, 'Pepper', 61, 2.2, 4.77);
insert into Ingredient (ingredientid, ingredientname, calperunit, measureunit, costperunit) values (2, 'Onion', 48, 3.3, 9.81);
insert into Ingredient (ingredientid, ingredientname, calperunit, measureunit, costperunit) values (3, 'Beans', 58, 4.0, 7.05);
insert into Ingredient (ingredientid, ingredientname, calperunit, measureunit, costperunit) values (4, 'Beef', 6, 4.2, 7.02);
insert into Ingredient (ingredientid, ingredientname, calperunit, measureunit, costperunit) values (5, 'Cilantro', 24, 2.7, 9.21);
insert into Ingredient (ingredientid, ingredientname, calperunit, measureunit, costperunit) values (6, 'Chicken Stock', 6, 4.0, 7.25);
insert into Ingredient (ingredientid, ingredientname, calperunit, measureunit, costperunit) values (7, 'Chicken Breast', 74, 3.0, 8.48);
insert into Ingredient (ingredientid, ingredientname, calperunit, measureunit, costperunit) values (8, 'Coconut Milk', 17, 4.3, 5.21);
insert into Ingredient (ingredientid, ingredientname, calperunit, measureunit, costperunit) values (9, 'Rice', 72, 1.8, 7.74);
insert into Ingredient (ingredientid, ingredientname, calperunit, measureunit, costperunit) values (10, 'Quinoa', 40, 2.1, 6.37);
insert into Ingredient (ingredientid, ingredientname, calperunit, measureunit, costperunit) values (11, 'Chili Pepper', 92, 4.7, 1.27);
insert into Ingredient (ingredientid, ingredientname, calperunit, measureunit, costperunit) values (12, 'Paprika', 63, 3.9, 7.78);
insert into Ingredient (ingredientid, ingredientname, calperunit, measureunit, costperunit) values (13, 'Cumin', 54, 3.2, 5.31);
insert into Ingredient (ingredientid, ingredientname, calperunit, measureunit, costperunit) values (14, 'Beef', 61, 2.6, 8.61);
insert into Ingredient (ingredientid, ingredientname, calperunit, measureunit, costperunit) values (15, 'Garlic', 70, 4.1, 1.69);
insert into Ingredient (ingredientid, ingredientname, calperunit, measureunit, costperunit) values (16, 'Carrot', 35, 1.1, 1.91);
insert into Ingredient (ingredientid, ingredientname, calperunit, measureunit, costperunit) values (17, 'Spinach', 87, 1.3, 8.44);
insert into Ingredient (ingredientid, ingredientname, calperunit, measureunit, costperunit) values (18, 'Flour', 24, 1.2, 6.51);
insert into Ingredient (ingredientid, ingredientname, calperunit, measureunit, costperunit) values (19, 'Egg', 33, 2.5, 8.37);
insert into Ingredient (ingredientid, ingredientname, calperunit, measureunit, costperunit) values (20, 'Milk', 37, 3.7, 3.67);
insert into Ingredient (ingredientid, ingredientname, calperunit, measureunit, costperunit) values (21, 'Cream', 76, 2.2, 6.59);
insert into Ingredient (ingredientid, ingredientname, calperunit, measureunit, costperunit) values (22, 'Almonds', 19, 1.6, 4.19);
insert into Ingredient (ingredientid, ingredientname, calperunit, measureunit, costperunit) values (23, 'Rice Noodles', 28, 4.6, 3.67);
insert into Ingredient (ingredientid, ingredientname, calperunit, measureunit, costperunit) values (24, 'Spaghetti', 84, 1.6, 4.88);
insert into Ingredient (ingredientid, ingredientname, calperunit, measureunit, costperunit) values (25, 'Penne', 62, 4.0, 5.33);
insert into Ingredient (ingredientid, ingredientname, calperunit, measureunit, costperunit) values (26, 'Parmesan', 32, 1.2, 1.38);
insert into Ingredient (ingredientid, ingredientname, calperunit, measureunit, costperunit) values (27, 'Mozzarella', 40, 4.9, 7.7);
insert into Ingredient (ingredientid, ingredientname, calperunit, measureunit, costperunit) values (28, 'Cheddar', 75, 2.4, 6.68);
insert into Ingredient (ingredientid, ingredientname, calperunit, measureunit, costperunit) values (29, 'Bread', 45, 1.3, 7.29);
insert into Ingredient (ingredientid, ingredientname, calperunit, measureunit, costperunit) values (30, 'Tomato Paste', 33, 1.0, 2.93);
insert into Ingredient (ingredientid, ingredientname, calperunit, measureunit, costperunit) values (31, 'Crushed Tomatoes', 73, 1.2, 7.23);
insert into Ingredient (ingredientid, ingredientname, calperunit, measureunit, costperunit) values (32, 'Apples', 17, 3.7, 3.04);

insert into RecipeIngredient (recipeid, ingredientid, quantity) values (35, 29, 2.5);
insert into RecipeIngredient (recipeid, ingredientid, quantity) values (7, 5, 5.4);
insert into RecipeIngredient (recipeid, ingredientid, quantity) values (8, 4, 4.2);
insert into RecipeIngredient (recipeid, ingredientid, quantity) values (36, 26, 4.4);
insert into RecipeIngredient (recipeid, ingredientid, quantity) values (49, 5, 5.8);
insert into RecipeIngredient (recipeid, ingredientid, quantity) values (28, 8, 3.6);
insert into RecipeIngredient (recipeid, ingredientid, quantity) values (52, 22, 5.8);
insert into RecipeIngredient (recipeid, ingredientid, quantity) values (43, 23, 4.6);
insert into RecipeIngredient (recipeid, ingredientid, quantity) values (4, 16, 1.1);
insert into RecipeIngredient (recipeid, ingredientid, quantity) values (23, 4, 3.9);
insert into RecipeIngredient (recipeid, ingredientid, quantity) values (17, 18, 1.6);
insert into RecipeIngredient (recipeid, ingredientid, quantity) values (49, 22, 3.1);
insert into RecipeIngredient (recipeid, ingredientid, quantity) values (40, 32, 5.4);
insert into RecipeIngredient (recipeid, ingredientid, quantity) values (54, 13, 5.9);
insert into RecipeIngredient (recipeid, ingredientid, quantity) values (4, 3, 1.7);
insert into RecipeIngredient (recipeid, ingredientid, quantity) values (16, 26, 5.2);
insert into RecipeIngredient (recipeid, ingredientid, quantity) values (29, 32, 3.3);
insert into RecipeIngredient (recipeid, ingredientid, quantity) values (23, 2, 3.5);
insert into RecipeIngredient (recipeid, ingredientid, quantity) values (30, 8, 2.0);
insert into RecipeIngredient (recipeid, ingredientid, quantity) values (20, 5, 1.6);
insert into RecipeIngredient (recipeid, ingredientid, quantity) values (49, 16, 2.9);
insert into RecipeIngredient (recipeid, ingredientid, quantity) values (40, 10, 2.7);
insert into RecipeIngredient (recipeid, ingredientid, quantity) values (21, 25, 4.2);
insert into RecipeIngredient (recipeid, ingredientid, quantity) values (8, 18, 5.3);
insert into RecipeIngredient (recipeid, ingredientid, quantity) values (35, 32, 1.1);
insert into RecipeIngredient (recipeid, ingredientid, quantity) values (32, 27, 3.0);
insert into RecipeIngredient (recipeid, ingredientid, quantity) values (43, 19, 1.4);
insert into RecipeIngredient (recipeid, ingredientid, quantity) values (31, 1, 4.6);
insert into RecipeIngredient (recipeid, ingredientid, quantity) values (46, 23, 2.7);
insert into RecipeIngredient (recipeid, ingredientid, quantity) values (37, 24, 5.1);
insert into RecipeIngredient (recipeid, ingredientid, quantity) values (31, 10, 1.2);
insert into RecipeIngredient (recipeid, ingredientid, quantity) values (48, 11, 1.1);
insert into RecipeIngredient (recipeid, ingredientid, quantity) values (40, 2, 2.4);
insert into RecipeIngredient (recipeid, ingredientid, quantity) values (6, 4, 1.9);
insert into RecipeIngredient (recipeid, ingredientid, quantity) values (34, 4, 3.9);
insert into RecipeIngredient (recipeid, ingredientid, quantity) values (45, 8, 2.7);
insert into RecipeIngredient (recipeid, ingredientid, quantity) values (17, 6, 1.2);
insert into RecipeIngredient (recipeid, ingredientid, quantity) values (29, 6, 3.3);
insert into RecipeIngredient (recipeid, ingredientid, quantity) values (18, 1, 4.9);
insert into RecipeIngredient (recipeid, ingredientid, quantity) values (35, 18, 3.6);
insert into RecipeIngredient (recipeid, ingredientid, quantity) values (51, 19, 4.9);
insert into RecipeIngredient (recipeid, ingredientid, quantity) values (27, 20, 2.3);
insert into RecipeIngredient (recipeid, ingredientid, quantity) values (9, 28, 3.2);
insert into RecipeIngredient (recipeid, ingredientid, quantity) values (17, 2, 5.4);
insert into RecipeIngredient (recipeid, ingredientid, quantity) values (39, 8, 5.5);
insert into RecipeIngredient (recipeid, ingredientid, quantity) values (11, 16, 3.2);
insert into RecipeIngredient (recipeid, ingredientid, quantity) values (49, 6, 5.8);
insert into RecipeIngredient (recipeid, ingredientid, quantity) values (32, 8, 3.7);
insert into RecipeIngredient (recipeid, ingredientid, quantity) values (26, 24, 2.6);
insert into RecipeIngredient (recipeid, ingredientid, quantity) values (30, 21, 1.1);
insert into RecipeIngredient (recipeid, ingredientid, quantity) values (29, 15, 4.5);
insert into RecipeIngredient (recipeid, ingredientid, quantity) values (1, 28, 5.8);
insert into RecipeIngredient (recipeid, ingredientid, quantity) values (22, 12, 3.4);
insert into RecipeIngredient (recipeid, ingredientid, quantity) values (22, 15, 4.6);
insert into RecipeIngredient (recipeid, ingredientid, quantity) values (4, 11, 5.7);
insert into RecipeIngredient (recipeid, ingredientid, quantity) values (15, 17, 5.4);
insert into RecipeIngredient (recipeid, ingredientid, quantity) values (18, 21, 1.5);
insert into RecipeIngredient (recipeid, ingredientid, quantity) values (57, 28, 3.2);
insert into RecipeIngredient (recipeid, ingredientid, quantity) values (43, 13, 3.4);
insert into RecipeIngredient (recipeid, ingredientid, quantity) values (53, 15, 3.1);
insert into RecipeIngredient (recipeid, ingredientid, quantity) values (11, 19, 5.6);
insert into RecipeIngredient (recipeid, ingredientid, quantity) values (52, 11, 1.8);
insert into RecipeIngredient (recipeid, ingredientid, quantity) values (18, 18, 3.5);
insert into RecipeIngredient (recipeid, ingredientid, quantity) values (37, 13, 4.6);
insert into RecipeIngredient (recipeid, ingredientid, quantity) values (2, 22, 2.3);
insert into RecipeIngredient (recipeid, ingredientid, quantity) values (54, 12, 4.0);
insert into RecipeIngredient (recipeid, ingredientid, quantity) values (47, 32, 3.6);
insert into RecipeIngredient (recipeid, ingredientid, quantity) values (28, 11, 2.9);
insert into RecipeIngredient (recipeid, ingredientid, quantity) values (48, 23, 2.9);
insert into RecipeIngredient (recipeid, ingredientid, quantity) values (34, 26, 1.1);
insert into RecipeIngredient (recipeid, ingredientid, quantity) values (48, 1, 1.4);
insert into RecipeIngredient (recipeid, ingredientid, quantity) values (39, 17, 5.3);
insert into RecipeIngredient (recipeid, ingredientid, quantity) values (37, 16, 6.0);
insert into RecipeIngredient (recipeid, ingredientid, quantity) values (28, 21, 2.9);
insert into RecipeIngredient (recipeid, ingredientid, quantity) values (29, 10, 1.0);
insert into RecipeIngredient (recipeid, ingredientid, quantity) values (46, 7, 2.6);
insert into RecipeIngredient (recipeid, ingredientid, quantity) values (12, 14, 5.2);
insert into RecipeIngredient (recipeid, ingredientid, quantity) values (42, 7, 2.5);
insert into RecipeIngredient (recipeid, ingredientid, quantity) values (36, 31, 5.6);
insert into RecipeIngredient (recipeid, ingredientid, quantity) values (37, 10, 5.5);
insert into RecipeIngredient (recipeid, ingredientid, quantity) values (52, 26, 3.4);
insert into RecipeIngredient (recipeid, ingredientid, quantity) values (10, 7, 3.7);
insert into RecipeIngredient (recipeid, ingredientid, quantity) values (2, 10, 5.9);
insert into RecipeIngredient (recipeid, ingredientid, quantity) values (30, 32, 3.6);
insert into RecipeIngredient (recipeid, ingredientid, quantity) values (25, 4, 5.2);
insert into RecipeIngredient (recipeid, ingredientid, quantity) values (8, 20, 3.4);
insert into RecipeIngredient (recipeid, ingredientid, quantity) values (45, 14, 2.9);
insert into RecipeIngredient (recipeid, ingredientid, quantity) values (43, 21, 1.3);
insert into RecipeIngredient (recipeid, ingredientid, quantity) values (56, 9, 3.0);
insert into RecipeIngredient (recipeid, ingredientid, quantity) values (41, 11, 2.9);
insert into RecipeIngredient (recipeid, ingredientid, quantity) values (29, 8, 2.9);
insert into RecipeIngredient (recipeid, ingredientid, quantity) values (50, 23, 5.9);
insert into RecipeIngredient (recipeid, ingredientid, quantity) values (55, 31, 1.9);
insert into RecipeIngredient (recipeid, ingredientid, quantity) values (57, 17, 4.5);
insert into RecipeIngredient (recipeid, ingredientid, quantity) values (9, 11, 3.0);
insert into RecipeIngredient (recipeid, ingredientid, quantity) values (30, 23, 4.6);
insert into RecipeIngredient (recipeid, ingredientid, quantity) values (34, 30, 4.2);
insert into RecipeIngredient (recipeid, ingredientid, quantity) values (30, 27, 2.8);
insert into RecipeIngredient (recipeid, ingredientid, quantity) values (54, 22, 2.4);
insert into RecipeIngredient (recipeid, ingredientid, quantity) values (11, 2, 2.2);

insert into Substitute (subbedoutid, subbedwithid, substitutereason) values (26, 3, 'Do it only if you have to');
insert into Substitute (subbedoutid, subbedwithid, substitutereason) values (14, 17, 'It just works!');
insert into Substitute (subbedoutid, subbedwithid, substitutereason) values (11, 9, 'Do it only if you have to');
insert into Substitute (subbedoutid, subbedwithid, substitutereason) values (4, 24, 'It just works!');
insert into Substitute (subbedoutid, subbedwithid, substitutereason) values (30, 11, 'Do it only if you have to');
insert into Substitute (subbedoutid, subbedwithid, substitutereason) values (12, 19, 'Do it only if you have to');
insert into Substitute (subbedoutid, subbedwithid, substitutereason) values (14, 8, 'It just works!');
insert into Substitute (subbedoutid, subbedwithid, substitutereason) values (4, 8, 'It just works!');
insert into Substitute (subbedoutid, subbedwithid, substitutereason) values (24, 14, 'It just works!');
insert into Substitute (subbedoutid, subbedwithid, substitutereason) values (8, 9, 'Do it only if you have to');
insert into Substitute (subbedoutid, subbedwithid, substitutereason) values (13, 15, 'It just works!');
insert into Substitute (subbedoutid, subbedwithid, substitutereason) values (15, 27, 'It just works!');
insert into Substitute (subbedoutid, subbedwithid, substitutereason) values (26, 2, 'Do it only if you have to');
insert into Substitute (subbedoutid, subbedwithid, substitutereason) values (3, 21, 'It just works!');
insert into Substitute (subbedoutid, subbedwithid, substitutereason) values (29, 28, 'Do it only if you have to');
insert into Substitute (subbedoutid, subbedwithid, substitutereason) values (4, 3, 'Do it only if you have to');
insert into Substitute (subbedoutid, subbedwithid, substitutereason) values (15, 1, 'Do it only if you have to');
insert into Substitute (subbedoutid, subbedwithid, substitutereason) values (30, 30, 'It just works!');
insert into Substitute (subbedoutid, subbedwithid, substitutereason) values (23, 2, 'It just works!');
insert into Substitute (subbedoutid, subbedwithid, substitutereason) values (26, 18, 'It just works!');
insert into Substitute (subbedoutid, subbedwithid, substitutereason) values (4, 13, 'Do it only if you have to');
insert into Substitute (subbedoutid, subbedwithid, substitutereason) values (24, 20, 'Do it only if you have to');
insert into Substitute (subbedoutid, subbedwithid, substitutereason) values (21, 30, 'It just works!');
insert into Substitute (subbedoutid, subbedwithid, substitutereason) values (10, 23, 'Do it only if you have to');

insert into Follows (followerid, followeeid, datefollowed) values (17, 62, '2025-03-08');
insert into Follows (followerid, followeeid, datefollowed) values (60, 85, '2024-09-17');
insert into Follows (followerid, followeeid, datefollowed) values (52, 86, '2024-10-14');
insert into Follows (followerid, followeeid, datefollowed) values (48, 62, '2024-12-15');
insert into Follows (followerid, followeeid, datefollowed) values (41, 84, '2024-06-30');
insert into Follows (followerid, followeeid, datefollowed) values (12, 86, '2024-09-30');
insert into Follows (followerid, followeeid, datefollowed) values (48, 79, '2024-05-28');
insert into Follows (followerid, followeeid, datefollowed) values (48, 71, '2024-11-13');
insert into Follows (followerid, followeeid, datefollowed) values (59, 83, '2025-02-23');
insert into Follows (followerid, followeeid, datefollowed) values (40, 83, '2025-03-25');
insert into Follows (followerid, followeeid, datefollowed) values (53, 66, '2024-09-02');
insert into Follows (followerid, followeeid, datefollowed) values (24, 70, '2024-07-19');
insert into Follows (followerid, followeeid, datefollowed) values (59, 67, '2024-05-13');
insert into Follows (followerid, followeeid, datefollowed) values (11, 67, '2025-01-07');
insert into Follows (followerid, followeeid, datefollowed) values (60, 83, '2024-05-03');
insert into Follows (followerid, followeeid, datefollowed) values (51, 89, '2024-04-17');
insert into Follows (followerid, followeeid, datefollowed) values (23, 69, '2024-06-24');
insert into Follows (followerid, followeeid, datefollowed) values (50, 75, '2024-06-09');
insert into Follows (followerid, followeeid, datefollowed) values (17, 85, '2025-02-15');
insert into Follows (followerid, followeeid, datefollowed) values (44, 85, '2024-07-06');
insert into Follows (followerid, followeeid, datefollowed) values (46, 74, '2025-03-30');
insert into Follows (followerid, followeeid, datefollowed) values (42, 82, '2025-04-05');
insert into Follows (followerid, followeeid, datefollowed) values (41, 86, '2024-12-07');
insert into Follows (followerid, followeeid, datefollowed) values (10, 73, '2024-10-09');
insert into Follows (followerid, followeeid, datefollowed) values (60, 88, '2024-09-06');
insert into Follows (followerid, followeeid, datefollowed) values (42, 72, '2024-07-12');
insert into Follows (followerid, followeeid, datefollowed) values (56, 69, '2024-12-07');
insert into Follows (followerid, followeeid, datefollowed) values (2, 85, '2024-06-29');
insert into Follows (followerid, followeeid, datefollowed) values (59, 77, '2024-09-16');
insert into Follows (followerid, followeeid, datefollowed) values (24, 83, '2024-04-12');
insert into Follows (followerid, followeeid, datefollowed) values (42, 83, '2024-12-20');
insert into Follows (followerid, followeeid, datefollowed) values (32, 72, '2024-07-10');
insert into Follows (followerid, followeeid, datefollowed) values (27, 82, '2024-06-09');
insert into Follows (followerid, followeeid, datefollowed) values (44, 73, '2024-10-10');
insert into Follows (followerid, followeeid, datefollowed) values (20, 85, '2025-01-22');
insert into Follows (followerid, followeeid, datefollowed) values (13, 62, '2025-01-11');
insert into Follows (followerid, followeeid, datefollowed) values (45, 67, '2025-02-14');
insert into Follows (followerid, followeeid, datefollowed) values (49, 64, '2024-04-12');
insert into Follows (followerid, followeeid, datefollowed) values (7, 61, '2024-04-21');
insert into Follows (followerid, followeeid, datefollowed) values (44, 67, '2025-01-16');
insert into Follows (followerid, followeeid, datefollowed) values (16, 88, '2024-06-06');
insert into Follows (followerid, followeeid, datefollowed) values (11, 80, '2024-04-24');
insert into Follows (followerid, followeeid, datefollowed) values (40, 90, '2024-07-15');
insert into Follows (followerid, followeeid, datefollowed) values (55, 84, '2024-04-14');
insert into Follows (followerid, followeeid, datefollowed) values (22, 79, '2025-03-30');
insert into Follows (followerid, followeeid, datefollowed) values (35, 89, '2024-07-22');
insert into Follows (followerid, followeeid, datefollowed) values (25, 77, '2024-05-19');
insert into Follows (followerid, followeeid, datefollowed) values (19, 62, '2025-02-13');
insert into Follows (followerid, followeeid, datefollowed) values (25, 90, '2024-04-27');
insert into Follows (followerid, followeeid, datefollowed) values (19, 75, '2024-08-21');
insert into Follows (followerid, followeeid, datefollowed) values (13, 64, '2025-01-20');
insert into Follows (followerid, followeeid, datefollowed) values (59, 66, '2024-09-11');
insert into Follows (followerid, followeeid, datefollowed) values (36, 76, '2024-10-06');
insert into Follows (followerid, followeeid, datefollowed) values (51, 90, '2024-11-05');
insert into Follows (followerid, followeeid, datefollowed) values (10, 69, '2025-01-19');
insert into Follows (followerid, followeeid, datefollowed) values (33, 83, '2024-07-12');
insert into Follows (followerid, followeeid, datefollowed) values (3, 88, '2025-02-01');
insert into Follows (followerid, followeeid, datefollowed) values (10, 68, '2024-07-30');
insert into Follows (followerid, followeeid, datefollowed) values (26, 90, '2024-08-24');
insert into Follows (followerid, followeeid, datefollowed) values (6, 86, '2024-07-08');
insert into Follows (followerid, followeeid, datefollowed) values (3, 76, '2024-11-08');
insert into Follows (followerid, followeeid, datefollowed) values (17, 82, '2024-12-16');
insert into Follows (followerid, followeeid, datefollowed) values (8, 89, '2024-12-17');
insert into Follows (followerid, followeeid, datefollowed) values (56, 73, '2024-12-03');
insert into Follows (followerid, followeeid, datefollowed) values (49, 84, '2025-01-15');
insert into Follows (followerid, followeeid, datefollowed) values (40, 75, '2024-10-02');
insert into Follows (followerid, followeeid, datefollowed) values (4, 82, '2025-01-29');
insert into Follows (followerid, followeeid, datefollowed) values (2, 78, '2024-06-06');
insert into Follows (followerid, followeeid, datefollowed) values (57, 64, '2024-10-18');
insert into Follows (followerid, followeeid, datefollowed) values (20, 67, '2025-02-03');
insert into Follows (followerid, followeeid, datefollowed) values (48, 72, '2024-05-06');
insert into Follows (followerid, followeeid, datefollowed) values (42, 90, '2024-05-02');
insert into Follows (followerid, followeeid, datefollowed) values (14, 88, '2024-06-16');
insert into Follows (followerid, followeeid, datefollowed) values (16, 77, '2025-04-02');
insert into Follows (followerid, followeeid, datefollowed) values (23, 76, '2024-06-06');
insert into Follows (followerid, followeeid, datefollowed) values (58, 67, '2024-10-13');
insert into Follows (followerid, followeeid, datefollowed) values (25, 78, '2024-09-08');
insert into Follows (followerid, followeeid, datefollowed) values (57, 72, '2024-08-10');
insert into Follows (followerid, followeeid, datefollowed) values (3, 65, '2025-03-22');
insert into Follows (followerid, followeeid, datefollowed) values (50, 78, '2024-05-02');
insert into Follows (followerid, followeeid, datefollowed) values (31, 64, '2024-07-26');
insert into Follows (followerid, followeeid, datefollowed) values (16, 78, '2024-08-25');
insert into Follows (followerid, followeeid, datefollowed) values (19, 65, '2024-11-08');
insert into Follows (followerid, followeeid, datefollowed) values (2, 63, '2024-06-15');
insert into Follows (followerid, followeeid, datefollowed) values (33, 62, '2024-08-10');
insert into Follows (followerid, followeeid, datefollowed) values (37, 61, '2024-08-09');
insert into Follows (followerid, followeeid, datefollowed) values (54, 76, '2024-08-14');
insert into Follows (followerid, followeeid, datefollowed) values (41, 71, '2024-05-26');
insert into Follows (followerid, followeeid, datefollowed) values (4, 64, '2024-11-13');
insert into Follows (followerid, followeeid, datefollowed) values (26, 68, '2024-12-17');
insert into Follows (followerid, followeeid, datefollowed) values (1, 68, '2025-02-03');
insert into Follows (followerid, followeeid, datefollowed) values (45, 72, '2024-05-22');
insert into Follows (followerid, followeeid, datefollowed) values (33, 86, '2024-06-27');
insert into Follows (followerid, followeeid, datefollowed) values (40, 79, '2025-02-06');
insert into Follows (followerid, followeeid, datefollowed) values (48, 80, '2025-03-10');
insert into Follows (followerid, followeeid, datefollowed) values (31, 76, '2024-04-28');
insert into Follows (followerid, followeeid, datefollowed) values (4, 65, '2024-10-11');

insert into Review (cookid, recipeid, rating, reviewtext, reviewdate) values (42, 15, 4.6, 'Mauris enim leo, rhoncus sed, vestibulum sit amet, cursus id, turpis. Integer aliquet, massa id lobortis convallis, tortor risus dapibus augue, vel accumsan tellus nisi eu orci. Mauris lacinia sapien quis libero.', '2025-03-19');
insert into Review (cookid, recipeid, rating, reviewtext, reviewdate) values (50, 52, 4.0, 'Curabitur in libero ut massa volutpat convallis. Morbi odio odio, elementum eu, interdum eu, tincidunt in, leo. Maecenas pulvinar lobortis est.', '2024-04-25');
insert into Review (cookid, recipeid, rating, reviewtext, reviewdate) values (23, 27, 2.7, 'Vestibulum ac est lacinia nisi venenatis tristique. Fusce congue, diam id ornare imperdiet, sapien urna pretium nisl, ut volutpat sapien arcu sed augue. Aliquam erat volutpat.', '2024-06-29');
insert into Review (cookid, recipeid, rating, reviewtext, reviewdate) values (59, 5, 2.3, 'Cras non velit nec nisi vulputate nonummy. Maecenas tincidunt lacus at velit. Vivamus vel nulla eget eros elementum pellentesque.', '2024-08-20');
insert into Review (cookid, recipeid, rating, reviewtext, reviewdate) values (36, 51, 3.4, 'In hac habitasse platea dictumst. Morbi vestibulum, velit id pretium iaculis, diam erat fermentum justo, nec condimentum neque sapien placerat ante. Nulla justo.', '2025-04-06');
insert into Review (cookid, recipeid, rating, reviewtext, reviewdate) values (21, 33, 1.8, 'Nullam porttitor lacus at turpis. Donec posuere metus vitae ipsum. Aliquam non mauris.', '2024-07-25');
insert into Review (cookid, recipeid, rating, reviewtext, reviewdate) values (2, 35, 3.4, 'Curabitur gravida nisi at nibh. In hac habitasse platea dictumst. Aliquam augue quam, sollicitudin vitae, consectetuer eget, rutrum at, lorem.', '2024-10-04');
insert into Review (cookid, recipeid, rating, reviewtext, reviewdate) values (37, 38, 1.8, 'Fusce posuere felis sed lacus. Morbi sem mauris, laoreet ut, rhoncus aliquet, pulvinar sed, nisl. Nunc rhoncus dui vel sem.', '2024-12-28');
insert into Review (cookid, recipeid, rating, reviewtext, reviewdate) values (38, 51, 1.2, 'Phasellus in felis. Donec semper sapien a libero. Nam dui.', '2024-05-07');
insert into Review (cookid, recipeid, rating, reviewtext, reviewdate) values (29, 28, 1.9, 'Duis bibendum, felis sed interdum venenatis, turpis enim blandit mi, in porttitor pede justo eu massa. Donec dapibus. Duis at velit eu est congue elementum.', '2025-02-12');
insert into Review (cookid, recipeid, rating, reviewtext, reviewdate) values (39, 15, 4.6, 'Aenean fermentum. Donec ut mauris eget massa tempor convallis. Nulla neque libero, convallis eget, eleifend luctus, ultricies eu, nibh.', '2024-04-28');
insert into Review (cookid, recipeid, rating, reviewtext, reviewdate) values (19, 6, 2.2, 'In hac habitasse platea dictumst. Etiam faucibus cursus urna. Ut tellus.', '2025-02-02');
insert into Review (cookid, recipeid, rating, reviewtext, reviewdate) values (18, 24, 4.0, 'Sed ante. Vivamus tortor. Duis mattis egestas metus.', '2024-12-17');
insert into Review (cookid, recipeid, rating, reviewtext, reviewdate) values (35, 41, 4.7, 'Integer tincidunt ante vel ipsum. Praesent blandit lacinia erat. Vestibulum sed magna at nunc commodo placerat.', '2024-12-07');
insert into Review (cookid, recipeid, rating, reviewtext, reviewdate) values (10, 21, 5.0, 'Cum sociis natoque penatibus et magnis dis parturient montes, nascetur ridiculus mus. Vivamus vestibulum sagittis sapien. Cum sociis natoque penatibus et magnis dis parturient montes, nascetur ridiculus mus.', '2024-11-23');
insert into Review (cookid, recipeid, rating, reviewtext, reviewdate) values (39, 24, 4.9, 'Duis bibendum. Morbi non quam nec dui luctus rutrum. Nulla tellus.', '2024-06-05');
insert into Review (cookid, recipeid, rating, reviewtext, reviewdate) values (55, 31, 2.5, 'Nulla ut erat id mauris vulputate elementum. Nullam varius. Nulla facilisi.', '2024-08-14');
insert into Review (cookid, recipeid, rating, reviewtext, reviewdate) values (34, 26, 5.0, 'Duis bibendum, felis sed interdum venenatis, turpis enim blandit mi, in porttitor pede justo eu massa. Donec dapibus. Duis at velit eu est congue elementum.', '2024-07-22');
insert into Review (cookid, recipeid, rating, reviewtext, reviewdate) values (40, 27, 1.7, 'In hac habitasse platea dictumst. Morbi vestibulum, velit id pretium iaculis, diam erat fermentum justo, nec condimentum neque sapien placerat ante. Nulla justo.', '2024-09-07');
insert into Review (cookid, recipeid, rating, reviewtext, reviewdate) values (28, 45, 4.7, 'Nullam sit amet turpis elementum ligula vehicula consequat. Morbi a ipsum. Integer a nibh.', '2025-03-25');
insert into Review (cookid, recipeid, rating, reviewtext, reviewdate) values (19, 4, 1.6, 'Fusce posuere felis sed lacus. Morbi sem mauris, laoreet ut, rhoncus aliquet, pulvinar sed, nisl. Nunc rhoncus dui vel sem.', '2024-07-12');
insert into Review (cookid, recipeid, rating, reviewtext, reviewdate) values (60, 27, 3.4, 'Pellentesque at nulla. Suspendisse potenti. Cras in purus eu magna vulputate luctus.', '2024-09-10');
insert into Review (cookid, recipeid, rating, reviewtext, reviewdate) values (60, 14, 4.7, 'Curabitur in libero ut massa volutpat convallis. Morbi odio odio, elementum eu, interdum eu, tincidunt in, leo. Maecenas pulvinar lobortis est.', '2024-12-19');
insert into Review (cookid, recipeid, rating, reviewtext, reviewdate) values (20, 53, 4.3, 'Curabitur gravida nisi at nibh. In hac habitasse platea dictumst. Aliquam augue quam, sollicitudin vitae, consectetuer eget, rutrum at, lorem.', '2024-09-24');
insert into Review (cookid, recipeid, rating, reviewtext, reviewdate) values (52, 54, 2.3, 'Duis bibendum, felis sed interdum venenatis, turpis enim blandit mi, in porttitor pede justo eu massa. Donec dapibus. Duis at velit eu est congue elementum.', '2024-08-29');
insert into Review (cookid, recipeid, rating, reviewtext, reviewdate) values (41, 5, 1.7, 'Integer ac leo. Pellentesque ultrices mattis odio. Donec vitae nisi.', '2024-11-28');
insert into Review (cookid, recipeid, rating, reviewtext, reviewdate) values (58, 13, 2.7, 'Curabitur at ipsum ac tellus semper interdum. Mauris ullamcorper purus sit amet nulla. Quisque arcu libero, rutrum ac, lobortis vel, dapibus at, diam.', '2025-01-02');
insert into Review (cookid, recipeid, rating, reviewtext, reviewdate) values (47, 42, 2.6, 'Aliquam quis turpis eget elit sodales scelerisque. Mauris sit amet eros. Suspendisse accumsan tortor quis turpis.', '2024-11-28');
insert into Review (cookid, recipeid, rating, reviewtext, reviewdate) values (19, 21, 2.9, 'Sed sagittis. Nam congue, risus semper porta volutpat, quam pede lobortis ligula, sit amet eleifend pede libero quis orci. Nullam molestie nibh in lectus.', '2025-03-07');
insert into Review (cookid, recipeid, rating, reviewtext, reviewdate) values (36, 46, 1.4, 'Proin eu mi. Nulla ac enim. In tempor, turpis nec euismod scelerisque, quam turpis adipiscing lorem, vitae mattis nibh ligula nec sem.', '2024-12-19');
insert into Review (cookid, recipeid, rating, reviewtext, reviewdate) values (2, 52, 1.9, 'Proin leo odio, porttitor id, consequat in, consequat ut, nulla. Sed accumsan felis. Ut at dolor quis odio consequat varius.', '2024-04-16');
insert into Review (cookid, recipeid, rating, reviewtext, reviewdate) values (2, 54, 1.4, 'Integer ac leo. Pellentesque ultrices mattis odio. Donec vitae nisi.', '2024-09-22');
insert into Review (cookid, recipeid, rating, reviewtext, reviewdate) values (33, 54, 1.5, 'Duis bibendum. Morbi non quam nec dui luctus rutrum. Nulla tellus.', '2024-12-02');
insert into Review (cookid, recipeid, rating, reviewtext, reviewdate) values (40, 44, 4.8, 'Vestibulum quam sapien, varius ut, blandit non, interdum in, ante. Vestibulum ante ipsum primis in faucibus orci luctus et ultrices posuere cubilia Curae; Duis faucibus accumsan odio. Curabitur convallis.', '2024-07-13');
insert into Review (cookid, recipeid, rating, reviewtext, reviewdate) values (43, 14, 2.2, 'Duis consequat dui nec nisi volutpat eleifend. Donec ut dolor. Morbi vel lectus in quam fringilla rhoncus.', '2024-08-22');
insert into Review (cookid, recipeid, rating, reviewtext, reviewdate) values (54, 18, 3.8, 'In quis justo. Maecenas rhoncus aliquam lacus. Morbi quis tortor id nulla ultrices aliquet.', '2024-09-03');
insert into Review (cookid, recipeid, rating, reviewtext, reviewdate) values (52, 50, 3.1, 'Duis bibendum, felis sed interdum venenatis, turpis enim blandit mi, in porttitor pede justo eu massa. Donec dapibus. Duis at velit eu est congue elementum.', '2024-07-28');
insert into Review (cookid, recipeid, rating, reviewtext, reviewdate) values (49, 32, 3.5, 'Curabitur at ipsum ac tellus semper interdum. Mauris ullamcorper purus sit amet nulla. Quisque arcu libero, rutrum ac, lobortis vel, dapibus at, diam.', '2025-02-05');
insert into Review (cookid, recipeid, rating, reviewtext, reviewdate) values (1, 14, 3.1, 'Nullam porttitor lacus at turpis. Donec posuere metus vitae ipsum. Aliquam non mauris.', '2025-01-12');
insert into Review (cookid, recipeid, rating, reviewtext, reviewdate) values (25, 12, 1.6, 'Fusce consequat. Nulla nisl. Nunc nisl.', '2024-05-03');
insert into Review (cookid, recipeid, rating, reviewtext, reviewdate) values (1, 21, 4.1, 'Maecenas tristique, est et tempus semper, est quam pharetra magna, ac consequat metus sapien ut nunc. Vestibulum ante ipsum primis in faucibus orci luctus et ultrices posuere cubilia Curae; Mauris viverra diam vitae quam. Suspendisse potenti.', '2025-03-08');
insert into Review (cookid, recipeid, rating, reviewtext, reviewdate) values (26, 54, 4.3, 'Etiam vel augue. Vestibulum rutrum rutrum neque. Aenean auctor gravida sem.', '2024-11-21');
insert into Review (cookid, recipeid, rating, reviewtext, reviewdate) values (23, 39, 2.4, 'Morbi porttitor lorem id ligula. Suspendisse ornare consequat lectus. In est risus, auctor sed, tristique in, tempus sit amet, sem.', '2024-12-10');
insert into Review (cookid, recipeid, rating, reviewtext, reviewdate) values (10, 27, 5.0, 'Curabitur gravida nisi at nibh. In hac habitasse platea dictumst. Aliquam augue quam, sollicitudin vitae, consectetuer eget, rutrum at, lorem.', '2024-04-13');
insert into Review (cookid, recipeid, rating, reviewtext, reviewdate) values (39, 4, 3.1, 'Phasellus sit amet erat. Nulla tempus. Vivamus in felis eu sapien cursus vestibulum.', '2024-06-09');
insert into Review (cookid, recipeid, rating, reviewtext, reviewdate) values (7, 43, 2.6, 'In congue. Etiam justo. Etiam pretium iaculis justo.', '2024-06-21');
insert into Review (cookid, recipeid, rating, reviewtext, reviewdate) values (34, 54, 3.7, 'Praesent blandit. Nam nulla. Integer pede justo, lacinia eget, tincidunt eget, tempus vel, pede.', '2024-09-08');
insert into Review (cookid, recipeid, rating, reviewtext, reviewdate) values (20, 33, 2.9, 'Proin interdum mauris non ligula pellentesque ultrices. Phasellus id sapien in sapien iaculis congue. Vivamus metus arcu, adipiscing molestie, hendrerit at, vulputate vitae, nisl.', '2024-08-04');
insert into Review (cookid, recipeid, rating, reviewtext, reviewdate) values (33, 43, 1.7, 'Duis bibendum, felis sed interdum venenatis, turpis enim blandit mi, in porttitor pede justo eu massa. Donec dapibus. Duis at velit eu est congue elementum.', '2024-11-03');
insert into Review (cookid, recipeid, rating, reviewtext, reviewdate) values (1, 47, 3.7, 'Suspendisse potenti. In eleifend quam a odio. In hac habitasse platea dictumst.', '2024-11-23');
insert into Review (cookid, recipeid, rating, reviewtext, reviewdate) values (12, 28, 4.1, 'Cras non velit nec nisi vulputate nonummy. Maecenas tincidunt lacus at velit. Vivamus vel nulla eget eros elementum pellentesque.', '2024-06-01');
insert into Review (cookid, recipeid, rating, reviewtext, reviewdate) values (53, 7, 1.0, 'Praesent id massa id nisl venenatis lacinia. Aenean sit amet justo. Morbi ut odio.', '2024-12-12');
insert into Review (cookid, recipeid, rating, reviewtext, reviewdate) values (7, 37, 1.4, 'Morbi non lectus. Aliquam sit amet diam in magna bibendum imperdiet. Nullam orci pede, venenatis non, sodales sed, tincidunt eu, felis.', '2024-10-16');
insert into Review (cookid, recipeid, rating, reviewtext, reviewdate) values (9, 20, 3.7, 'Phasellus sit amet erat. Nulla tempus. Vivamus in felis eu sapien cursus vestibulum.', '2025-01-15');
insert into Review (cookid, recipeid, rating, reviewtext, reviewdate) values (23, 23, 3.6, 'Pellentesque at nulla. Suspendisse potenti. Cras in purus eu magna vulputate luctus.', '2024-10-16');
insert into Review (cookid, recipeid, rating, reviewtext, reviewdate) values (39, 9, 3.6, 'Mauris enim leo, rhoncus sed, vestibulum sit amet, cursus id, turpis. Integer aliquet, massa id lobortis convallis, tortor risus dapibus augue, vel accumsan tellus nisi eu orci. Mauris lacinia sapien quis libero.', '2024-05-17');
insert into Review (cookid, recipeid, rating, reviewtext, reviewdate) values (29, 22, 3.4, 'Cum sociis natoque penatibus et magnis dis parturient montes, nascetur ridiculus mus. Vivamus vestibulum sagittis sapien. Cum sociis natoque penatibus et magnis dis parturient montes, nascetur ridiculus mus.', '2024-04-12');
insert into Review (cookid, recipeid, rating, reviewtext, reviewdate) values (13, 29, 4.0, 'Fusce posuere felis sed lacus. Morbi sem mauris, laoreet ut, rhoncus aliquet, pulvinar sed, nisl. Nunc rhoncus dui vel sem.', '2025-01-10');
insert into Review (cookid, recipeid, rating, reviewtext, reviewdate) values (56, 42, 2.5, 'Cum sociis natoque penatibus et magnis dis parturient montes, nascetur ridiculus mus. Vivamus vestibulum sagittis sapien. Cum sociis natoque penatibus et magnis dis parturient montes, nascetur ridiculus mus.', '2025-01-31');
insert into Review (cookid, recipeid, rating, reviewtext, reviewdate) values (17, 40, 3.5, 'Duis bibendum, felis sed interdum venenatis, turpis enim blandit mi, in porttitor pede justo eu massa. Donec dapibus. Duis at velit eu est congue elementum.', '2025-03-15');
insert into Review (cookid, recipeid, rating, reviewtext, reviewdate) values (31, 31, 4.0, 'Curabitur gravida nisi at nibh. In hac habitasse platea dictumst. Aliquam augue quam, sollicitudin vitae, consectetuer eget, rutrum at, lorem.', '2024-06-07');
insert into Review (cookid, recipeid, rating, reviewtext, reviewdate) values (11, 45, 2.5, 'Mauris enim leo, rhoncus sed, vestibulum sit amet, cursus id, turpis. Integer aliquet, massa id lobortis convallis, tortor risus dapibus augue, vel accumsan tellus nisi eu orci. Mauris lacinia sapien quis libero.', '2024-07-25');
insert into Review (cookid, recipeid, rating, reviewtext, reviewdate) values (42, 45, 1.7, 'In hac habitasse platea dictumst. Etiam faucibus cursus urna. Ut tellus.', '2025-02-21');
insert into Review (cookid, recipeid, rating, reviewtext, reviewdate) values (12, 17, 2.5, 'Aenean fermentum. Donec ut mauris eget massa tempor convallis. Nulla neque libero, convallis eget, eleifend luctus, ultricies eu, nibh.', '2024-10-04');
insert into Review (cookid, recipeid, rating, reviewtext, reviewdate) values (40, 20, 5.0, 'Maecenas ut massa quis augue luctus tincidunt. Nulla mollis molestie lorem. Quisque ut erat.', '2024-06-10');
insert into Review (cookid, recipeid, rating, reviewtext, reviewdate) values (34, 52, 2.7, 'Sed sagittis. Nam congue, risus semper porta volutpat, quam pede lobortis ligula, sit amet eleifend pede libero quis orci. Nullam molestie nibh in lectus.', '2025-02-27');
insert into Review (cookid, recipeid, rating, reviewtext, reviewdate) values (42, 19, 3.9, 'Maecenas ut massa quis augue luctus tincidunt. Nulla mollis molestie lorem. Quisque ut erat.', '2025-03-25');
insert into Review (cookid, recipeid, rating, reviewtext, reviewdate) values (47, 33, 1.6, 'Nullam sit amet turpis elementum ligula vehicula consequat. Morbi a ipsum. Integer a nibh.', '2025-02-08');
insert into Review (cookid, recipeid, rating, reviewtext, reviewdate) values (58, 38, 4.9, 'Duis bibendum. Morbi non quam nec dui luctus rutrum. Nulla tellus.', '2024-06-02');
insert into Review (cookid, recipeid, rating, reviewtext, reviewdate) values (38, 11, 4.4, 'Sed ante. Vivamus tortor. Duis mattis egestas metus.', '2024-12-01');

insert into Shares (cookid, recipeid, shareplatform, sharedate) values (27, 19, 'BlueSky', '2025-01-21');
insert into Shares (cookid, recipeid, shareplatform, sharedate) values (41, 25, 'BlueSky', '2024-04-26');
insert into Shares (cookid, recipeid, shareplatform, sharedate) values (32, 4, 'Instagram', '2024-09-22');
insert into Shares (cookid, recipeid, shareplatform, sharedate) values (53, 35, 'Instagram', '2024-07-15');
insert into Shares (cookid, recipeid, shareplatform, sharedate) values (36, 8, 'Facebook', '2025-01-29');
insert into Shares (cookid, recipeid, shareplatform, sharedate) values (33, 4, 'X', '2024-06-16');
insert into Shares (cookid, recipeid, shareplatform, sharedate) values (44, 52, 'Instagram', '2025-01-10');
insert into Shares (cookid, recipeid, shareplatform, sharedate) values (44, 29, 'SMS', '2024-08-25');
insert into Shares (cookid, recipeid, shareplatform, sharedate) values (35, 27, 'SMS', '2024-11-20');
insert into Shares (cookid, recipeid, shareplatform, sharedate) values (50, 57, 'iMessage', '2024-06-09');
insert into Shares (cookid, recipeid, shareplatform, sharedate) values (15, 30, 'Facebook', '2024-07-16');
insert into Shares (cookid, recipeid, shareplatform, sharedate) values (49, 6, 'Threads', '2025-02-23');
insert into Shares (cookid, recipeid, shareplatform, sharedate) values (45, 22, 'LinkedIn', '2025-02-20');
insert into Shares (cookid, recipeid, shareplatform, sharedate) values (45, 6, 'BlueSky', '2024-05-08');
insert into Shares (cookid, recipeid, shareplatform, sharedate) values (22, 37, 'LinkedIn', '2024-09-15');
insert into Shares (cookid, recipeid, shareplatform, sharedate) values (26, 43, 'SMS', '2025-01-30');
insert into Shares (cookid, recipeid, shareplatform, sharedate) values (56, 30, 'X', '2025-02-08');
insert into Shares (cookid, recipeid, shareplatform, sharedate) values (30, 39, 'BlueSky', '2025-01-02');
insert into Shares (cookid, recipeid, shareplatform, sharedate) values (16, 21, 'Facebook', '2024-08-25');
insert into Shares (cookid, recipeid, shareplatform, sharedate) values (47, 5, 'SMS', '2025-02-19');
insert into Shares (cookid, recipeid, shareplatform, sharedate) values (40, 7, 'SMS', '2025-02-17');
insert into Shares (cookid, recipeid, shareplatform, sharedate) values (37, 22, 'Threads', '2025-04-09');
insert into Shares (cookid, recipeid, shareplatform, sharedate) values (54, 17, 'LinkedIn', '2024-10-19');
insert into Shares (cookid, recipeid, shareplatform, sharedate) values (31, 35, 'SMS', '2024-11-08');
insert into Shares (cookid, recipeid, shareplatform, sharedate) values (51, 43, 'Facebook', '2024-05-17');
insert into Shares (cookid, recipeid, shareplatform, sharedate) values (50, 43, 'BlueSky', '2024-05-03');
insert into Shares (cookid, recipeid, shareplatform, sharedate) values (9, 9, 'LinkedIn', '2025-02-13');
insert into Shares (cookid, recipeid, shareplatform, sharedate) values (55, 22, 'Threads', '2024-07-13');
insert into Shares (cookid, recipeid, shareplatform, sharedate) values (48, 35, 'X', '2024-11-07');
insert into Shares (cookid, recipeid, shareplatform, sharedate) values (53, 45, 'LinkedIn', '2024-04-21');
insert into Shares (cookid, recipeid, shareplatform, sharedate) values (43, 38, 'X', '2024-05-25');
insert into Shares (cookid, recipeid, shareplatform, sharedate) values (36, 55, 'Facebook', '2024-08-28');
insert into Shares (cookid, recipeid, shareplatform, sharedate) values (24, 56, 'Facebook', '2025-01-03');
insert into Shares (cookid, recipeid, shareplatform, sharedate) values (40, 10, 'SMS', '2024-06-14');
insert into Shares (cookid, recipeid, shareplatform, sharedate) values (8, 25, 'Threads', '2024-08-05');
insert into Shares (cookid, recipeid, shareplatform, sharedate) values (18, 26, 'LinkedIn', '2024-08-21');
insert into Shares (cookid, recipeid, shareplatform, sharedate) values (3, 56, 'iMessage', '2025-02-04');
insert into Shares (cookid, recipeid, shareplatform, sharedate) values (16, 53, 'BlueSky', '2024-12-06');
insert into Shares (cookid, recipeid, shareplatform, sharedate) values (18, 13, 'LinkedIn', '2024-06-13');
insert into Shares (cookid, recipeid, shareplatform, sharedate) values (14, 20, 'X', '2024-07-03');
insert into Shares (cookid, recipeid, shareplatform, sharedate) values (14, 29, 'Instagram', '2024-05-26');
insert into Shares (cookid, recipeid, shareplatform, sharedate) values (25, 33, 'Threads', '2024-07-21');
insert into Shares (cookid, recipeid, shareplatform, sharedate) values (30, 20, 'LinkedIn', '2024-09-23');
insert into Shares (cookid, recipeid, shareplatform, sharedate) values (31, 49, 'LinkedIn', '2024-09-19');
insert into Shares (cookid, recipeid, shareplatform, sharedate) values (25, 31, 'BlueSky', '2024-05-28');
insert into Shares (cookid, recipeid, shareplatform, sharedate) values (46, 47, 'Instagram', '2025-02-13');
insert into Shares (cookid, recipeid, shareplatform, sharedate) values (21, 30, 'Threads', '2025-04-01');
insert into Shares (cookid, recipeid, shareplatform, sharedate) values (3, 49, 'X', '2024-11-12');
insert into Shares (cookid, recipeid, shareplatform, sharedate) values (2, 49, 'Facebook', '2024-12-11');
insert into Shares (cookid, recipeid, shareplatform, sharedate) values (40, 50, 'Instagram', '2024-08-25');
insert into Shares (cookid, recipeid, shareplatform, sharedate) values (59, 21, 'BlueSky', '2024-08-04');
insert into Shares (cookid, recipeid, shareplatform, sharedate) values (47, 1, 'Instagram', '2025-03-26');
insert into Shares (cookid, recipeid, shareplatform, sharedate) values (5, 49, 'BlueSky', '2025-03-19');
insert into Shares (cookid, recipeid, shareplatform, sharedate) values (49, 53, 'SMS', '2024-07-12');
insert into Shares (cookid, recipeid, shareplatform, sharedate) values (54, 30, 'Facebook', '2024-07-17');
insert into Shares (cookid, recipeid, shareplatform, sharedate) values (36, 42, 'Threads', '2024-10-02');
insert into Shares (cookid, recipeid, shareplatform, sharedate) values (16, 14, 'BlueSky', '2024-04-14');
insert into Shares (cookid, recipeid, shareplatform, sharedate) values (42, 41, 'SMS', '2024-08-14');
insert into Shares (cookid, recipeid, shareplatform, sharedate) values (36, 7, 'Instagram', '2025-03-02');
insert into Shares (cookid, recipeid, shareplatform, sharedate) values (33, 43, 'Facebook', '2024-06-09');
insert into Shares (cookid, recipeid, shareplatform, sharedate) values (9, 34, 'iMessage', '2025-02-17');
insert into Shares (cookid, recipeid, shareplatform, sharedate) values (23, 42, 'BlueSky', '2024-05-11');
insert into Shares (cookid, recipeid, shareplatform, sharedate) values (50, 31, 'Threads', '2024-05-03');
insert into Shares (cookid, recipeid, shareplatform, sharedate) values (56, 1, 'iMessage', '2025-01-04');
insert into Shares (cookid, recipeid, shareplatform, sharedate) values (26, 55, 'X', '2024-08-03');
insert into Shares (cookid, recipeid, shareplatform, sharedate) values (58, 21, 'Instagram', '2024-08-04');
insert into Shares (cookid, recipeid, shareplatform, sharedate) values (42, 32, 'Threads', '2025-02-11');
insert into Shares (cookid, recipeid, shareplatform, sharedate) values (12, 20, 'Facebook', '2024-06-03');
insert into Shares (cookid, recipeid, shareplatform, sharedate) values (48, 48, 'iMessage', '2024-06-22');
insert into Shares (cookid, recipeid, shareplatform, sharedate) values (29, 11, 'Threads', '2024-11-15');
insert into Shares (cookid, recipeid, shareplatform, sharedate) values (20, 22, 'Facebook', '2024-05-05');
insert into Shares (cookid, recipeid, shareplatform, sharedate) values (56, 50, 'LinkedIn', '2024-04-28');
insert into Shares (cookid, recipeid, shareplatform, sharedate) values (6, 44, 'Threads', '2024-06-14');
insert into Shares (cookid, recipeid, shareplatform, sharedate) values (29, 24, 'Facebook', '2024-11-25');
insert into Shares (cookid, recipeid, shareplatform, sharedate) values (20, 10, 'LinkedIn', '2024-08-13');
insert into Shares (cookid, recipeid, shareplatform, sharedate) values (26, 49, 'LinkedIn', '2024-12-08');
insert into Shares (cookid, recipeid, shareplatform, sharedate) values (42, 20, 'Facebook', '2025-02-16');
insert into Shares (cookid, recipeid, shareplatform, sharedate) values (5, 11, 'Instagram', '2024-07-05');
insert into Shares (cookid, recipeid, shareplatform, sharedate) values (37, 21, 'BlueSky', '2024-05-14');
insert into Shares (cookid, recipeid, shareplatform, sharedate) values (16, 55, 'X', '2025-01-31');
insert into Shares (cookid, recipeid, shareplatform, sharedate) values (51, 19, 'X', '2024-11-01');
insert into Shares (cookid, recipeid, shareplatform, sharedate) values (16, 3, 'Facebook', '2025-01-27');
insert into Shares (cookid, recipeid, shareplatform, sharedate) values (58, 5, 'Instagram', '2025-02-15');
insert into Shares (cookid, recipeid, shareplatform, sharedate) values (41, 27, 'LinkedIn', '2025-01-25');
insert into Shares (cookid, recipeid, shareplatform, sharedate) values (51, 20, 'SMS', '2024-07-03');
insert into Shares (cookid, recipeid, shareplatform, sharedate) values (52, 14, 'iMessage', '2025-03-10');
insert into Shares (cookid, recipeid, shareplatform, sharedate) values (9, 52, 'Instagram', '2024-05-24');
insert into Shares (cookid, recipeid, shareplatform, sharedate) values (8, 24, 'Instagram', '2025-01-29');
insert into Shares (cookid, recipeid, shareplatform, sharedate) values (10, 4, 'Instagram', '2025-02-23');
insert into Shares (cookid, recipeid, shareplatform, sharedate) values (2, 38, 'LinkedIn', '2024-10-31');
insert into Shares (cookid, recipeid, shareplatform, sharedate) values (10, 26, 'Facebook', '2024-10-10');
insert into Shares (cookid, recipeid, shareplatform, sharedate) values (10, 34, 'Instagram', '2025-02-22');
insert into Shares (cookid, recipeid, shareplatform, sharedate) values (9, 3, 'Facebook', '2025-01-21');
insert into Shares (cookid, recipeid, shareplatform, sharedate) values (21, 42, 'Threads', '2024-07-06');
insert into Shares (cookid, recipeid, shareplatform, sharedate) values (41, 15, 'SMS', '2024-04-13');
insert into Shares (cookid, recipeid, shareplatform, sharedate) values (45, 1, 'BlueSky', '2024-04-12');
insert into Shares (cookid, recipeid, shareplatform, sharedate) values (30, 31, 'Threads', '2024-11-15');
insert into Shares (cookid, recipeid, shareplatform, sharedate) values (33, 57, 'BlueSky', '2024-11-25');
insert into Shares (cookid, recipeid, shareplatform, sharedate) values (56, 49, 'Instagram', '2024-10-04');
insert into Shares (cookid, recipeid, shareplatform, sharedate) values (11, 42, 'SMS', '2025-01-20');

insert into OffsiteTraffic (trafficid, recipeid, srcname, datetracked, clickcount) values (1, 27, 'Other', '2025-04-08', 38);
insert into OffsiteTraffic (trafficid, recipeid, srcname, datetracked, clickcount) values (2, 34, 'Facebook', '2024-07-09', 72);
insert into OffsiteTraffic (trafficid, recipeid, srcname, datetracked, clickcount) values (3, 38, 'X', '2024-09-03', 80);
insert into OffsiteTraffic (trafficid, recipeid, srcname, datetracked, clickcount) values (4, 49, 'Facebook', '2024-04-27', 52);
insert into OffsiteTraffic (trafficid, recipeid, srcname, datetracked, clickcount) values (5, 9, 'Instagram', '2024-08-04', 13);
insert into OffsiteTraffic (trafficid, recipeid, srcname, datetracked, clickcount) values (6, 7, 'X', '2024-08-28', 9);
insert into OffsiteTraffic (trafficid, recipeid, srcname, datetracked, clickcount) values (7, 33, 'X', '2024-09-26', 35);
insert into OffsiteTraffic (trafficid, recipeid, srcname, datetracked, clickcount) values (8, 3, 'Other', '2024-12-15', 33);
insert into OffsiteTraffic (trafficid, recipeid, srcname, datetracked, clickcount) values (9, 6, 'X', '2024-10-05', 65);
insert into OffsiteTraffic (trafficid, recipeid, srcname, datetracked, clickcount) values (10, 43, 'X', '2025-02-04', 16);
insert into OffsiteTraffic (trafficid, recipeid, srcname, datetracked, clickcount) values (11, 41, 'Instagram', '2024-07-01', 32);
insert into OffsiteTraffic (trafficid, recipeid, srcname, datetracked, clickcount) values (12, 8, 'Other', '2024-08-11', 5);
insert into OffsiteTraffic (trafficid, recipeid, srcname, datetracked, clickcount) values (13, 22, 'Google', '2024-06-24', 11);
insert into OffsiteTraffic (trafficid, recipeid, srcname, datetracked, clickcount) values (14, 26, 'Threads', '2024-07-07', 2);
insert into OffsiteTraffic (trafficid, recipeid, srcname, datetracked, clickcount) values (15, 26, 'X', '2024-09-02', 84);
insert into OffsiteTraffic (trafficid, recipeid, srcname, datetracked, clickcount) values (16, 49, 'Google', '2025-01-09', 2);
insert into OffsiteTraffic (trafficid, recipeid, srcname, datetracked, clickcount) values (17, 7, 'Facebook', '2025-04-10', 33);
insert into OffsiteTraffic (trafficid, recipeid, srcname, datetracked, clickcount) values (18, 15, 'Instagram', '2024-06-22', 46);
insert into OffsiteTraffic (trafficid, recipeid, srcname, datetracked, clickcount) values (19, 56, 'Google', '2024-05-06', 83);
insert into OffsiteTraffic (trafficid, recipeid, srcname, datetracked, clickcount) values (20, 50, 'Facebook', '2024-06-06', 8);
insert into OffsiteTraffic (trafficid, recipeid, srcname, datetracked, clickcount) values (21, 12, 'Other', '2024-09-29', 14);
insert into OffsiteTraffic (trafficid, recipeid, srcname, datetracked, clickcount) values (22, 36, 'Threads', '2024-10-27', 38);
insert into OffsiteTraffic (trafficid, recipeid, srcname, datetracked, clickcount) values (23, 30, 'Threads', '2024-09-30', 55);
insert into OffsiteTraffic (trafficid, recipeid, srcname, datetracked, clickcount) values (24, 48, 'Facebook', '2024-06-21', 65);
insert into OffsiteTraffic (trafficid, recipeid, srcname, datetracked, clickcount) values (25, 38, 'Threads', '2024-06-24', 77);
insert into OffsiteTraffic (trafficid, recipeid, srcname, datetracked, clickcount) values (26, 36, 'Threads', '2024-06-28', 72);
insert into OffsiteTraffic (trafficid, recipeid, srcname, datetracked, clickcount) values (27, 52, 'Facebook', '2024-10-17', 40);
insert into OffsiteTraffic (trafficid, recipeid, srcname, datetracked, clickcount) values (28, 2, 'Other', '2025-03-29', 35);
insert into OffsiteTraffic (trafficid, recipeid, srcname, datetracked, clickcount) values (29, 42, 'X', '2024-05-12', 76);
insert into OffsiteTraffic (trafficid, recipeid, srcname, datetracked, clickcount) values (30, 26, 'Threads', '2025-02-09', 30);
insert into OffsiteTraffic (trafficid, recipeid, srcname, datetracked, clickcount) values (31, 33, 'Instagram', '2025-01-09', 35);
insert into OffsiteTraffic (trafficid, recipeid, srcname, datetracked, clickcount) values (32, 42, 'Facebook', '2024-04-24', 45);
insert into OffsiteTraffic (trafficid, recipeid, srcname, datetracked, clickcount) values (33, 55, 'Other', '2024-04-13', 53);
insert into OffsiteTraffic (trafficid, recipeid, srcname, datetracked, clickcount) values (34, 54, 'X', '2024-05-11', 21);
insert into OffsiteTraffic (trafficid, recipeid, srcname, datetracked, clickcount) values (35, 34, 'Other', '2024-12-23', 12);
insert into OffsiteTraffic (trafficid, recipeid, srcname, datetracked, clickcount) values (36, 13, 'Facebook', '2025-02-23', 81);
insert into OffsiteTraffic (trafficid, recipeid, srcname, datetracked, clickcount) values (37, 26, 'Threads', '2025-02-04', 8);
insert into OffsiteTraffic (trafficid, recipeid, srcname, datetracked, clickcount) values (38, 8, 'Facebook', '2024-10-25', 32);
insert into OffsiteTraffic (trafficid, recipeid, srcname, datetracked, clickcount) values (39, 5, 'Google', '2024-10-24', 7);
insert into OffsiteTraffic (trafficid, recipeid, srcname, datetracked, clickcount) values (40, 46, 'Facebook', '2025-01-27', 46);
insert into OffsiteTraffic (trafficid, recipeid, srcname, datetracked, clickcount) values (41, 12, 'Instagram', '2024-08-25', 88);
insert into OffsiteTraffic (trafficid, recipeid, srcname, datetracked, clickcount) values (42, 11, 'Threads', '2024-12-19', 39);
insert into OffsiteTraffic (trafficid, recipeid, srcname, datetracked, clickcount) values (43, 48, 'Google', '2025-03-11', 71);
insert into OffsiteTraffic (trafficid, recipeid, srcname, datetracked, clickcount) values (44, 10, 'Threads', '2024-04-20', 44);
insert into OffsiteTraffic (trafficid, recipeid, srcname, datetracked, clickcount) values (45, 20, 'Instagram', '2024-09-19', 15);
insert into OffsiteTraffic (trafficid, recipeid, srcname, datetracked, clickcount) values (46, 10, 'Other', '2024-08-07', 72);
insert into OffsiteTraffic (trafficid, recipeid, srcname, datetracked, clickcount) values (47, 31, 'Google', '2025-02-10', 8);
insert into OffsiteTraffic (trafficid, recipeid, srcname, datetracked, clickcount) values (48, 52, 'Other', '2024-11-05', 84);
insert into OffsiteTraffic (trafficid, recipeid, srcname, datetracked, clickcount) values (49, 50, 'Other', '2024-11-16', 27);
insert into OffsiteTraffic (trafficid, recipeid, srcname, datetracked, clickcount) values (50, 32, 'Facebook', '2025-01-31', 50);
insert into OffsiteTraffic (trafficid, recipeid, srcname, datetracked, clickcount) values (51, 25, 'X', '2024-10-23', 43);
insert into OffsiteTraffic (trafficid, recipeid, srcname, datetracked, clickcount) values (52, 1, 'X', '2024-09-13', 48);
insert into OffsiteTraffic (trafficid, recipeid, srcname, datetracked, clickcount) values (53, 37, 'Google', '2024-06-02', 26);
insert into OffsiteTraffic (trafficid, recipeid, srcname, datetracked, clickcount) values (54, 6, 'Instagram', '2024-07-21', 87);
insert into OffsiteTraffic (trafficid, recipeid, srcname, datetracked, clickcount) values (55, 39, 'Threads', '2024-09-26', 16);
insert into OffsiteTraffic (trafficid, recipeid, srcname, datetracked, clickcount) values (56, 54, 'Threads', '2024-06-09', 38);
insert into OffsiteTraffic (trafficid, recipeid, srcname, datetracked, clickcount) values (57, 30, 'Threads', '2025-02-08', 78);
insert into OffsiteTraffic (trafficid, recipeid, srcname, datetracked, clickcount) values (58, 54, 'Threads', '2024-09-25', 60);
insert into OffsiteTraffic (trafficid, recipeid, srcname, datetracked, clickcount) values (59, 42, 'Facebook', '2025-01-18', 67);
insert into OffsiteTraffic (trafficid, recipeid, srcname, datetracked, clickcount) values (60, 14, 'Facebook', '2024-12-16', 10);
insert into OffsiteTraffic (trafficid, recipeid, srcname, datetracked, clickcount) values (61, 38, 'X', '2024-07-31', 9);
insert into OffsiteTraffic (trafficid, recipeid, srcname, datetracked, clickcount) values (62, 43, 'Google', '2025-02-04', 17);
insert into OffsiteTraffic (trafficid, recipeid, srcname, datetracked, clickcount) values (63, 4, 'Threads', '2025-03-07', 31);
insert into OffsiteTraffic (trafficid, recipeid, srcname, datetracked, clickcount) values (64, 21, 'Instagram', '2025-01-06', 66);
insert into OffsiteTraffic (trafficid, recipeid, srcname, datetracked, clickcount) values (65, 12, 'Threads', '2025-01-04', 28);
insert into OffsiteTraffic (trafficid, recipeid, srcname, datetracked, clickcount) values (66, 31, 'Threads', '2024-10-07', 71);
insert into OffsiteTraffic (trafficid, recipeid, srcname, datetracked, clickcount) values (67, 24, 'Instagram', '2024-12-07', 72);
insert into OffsiteTraffic (trafficid, recipeid, srcname, datetracked, clickcount) values (68, 13, 'Other', '2024-12-18', 85);
insert into OffsiteTraffic (trafficid, recipeid, srcname, datetracked, clickcount) values (69, 43, 'Other', '2025-03-04', 100);
insert into OffsiteTraffic (trafficid, recipeid, srcname, datetracked, clickcount) values (70, 39, 'Other', '2024-10-05', 72);
insert into OffsiteTraffic (trafficid, recipeid, srcname, datetracked, clickcount) values (71, 34, 'Threads', '2024-11-30', 28);
insert into OffsiteTraffic (trafficid, recipeid, srcname, datetracked, clickcount) values (72, 45, 'Facebook', '2024-08-08', 4);
insert into OffsiteTraffic (trafficid, recipeid, srcname, datetracked, clickcount) values (73, 41, 'Facebook', '2024-12-05', 95);
insert into OffsiteTraffic (trafficid, recipeid, srcname, datetracked, clickcount) values (74, 52, 'Instagram', '2025-02-22', 74);
insert into OffsiteTraffic (trafficid, recipeid, srcname, datetracked, clickcount) values (75, 49, 'Google', '2025-01-17', 91);
insert into OffsiteTraffic (trafficid, recipeid, srcname, datetracked, clickcount) values (76, 20, 'Threads', '2024-08-18', 35);
insert into OffsiteTraffic (trafficid, recipeid, srcname, datetracked, clickcount) values (77, 12, 'Facebook', '2024-10-17', 43);
insert into OffsiteTraffic (trafficid, recipeid, srcname, datetracked, clickcount) values (78, 5, 'X', '2025-02-12', 73);
insert into OffsiteTraffic (trafficid, recipeid, srcname, datetracked, clickcount) values (79, 39, 'Instagram', '2024-04-27', 42);
insert into OffsiteTraffic (trafficid, recipeid, srcname, datetracked, clickcount) values (80, 13, 'X', '2024-04-21', 10);
insert into OffsiteTraffic (trafficid, recipeid, srcname, datetracked, clickcount) values (81, 21, 'Facebook', '2024-04-15', 72);
insert into OffsiteTraffic (trafficid, recipeid, srcname, datetracked, clickcount) values (82, 39, 'Facebook', '2024-05-10', 87);
insert into OffsiteTraffic (trafficid, recipeid, srcname, datetracked, clickcount) values (83, 36, 'Instagram', '2024-10-03', 34);
insert into OffsiteTraffic (trafficid, recipeid, srcname, datetracked, clickcount) values (84, 14, 'Google', '2025-01-16', 60);
insert into OffsiteTraffic (trafficid, recipeid, srcname, datetracked, clickcount) values (85, 28, 'Threads', '2024-06-29', 26);
insert into OffsiteTraffic (trafficid, recipeid, srcname, datetracked, clickcount) values (86, 23, 'Other', '2024-10-31', 71);
insert into OffsiteTraffic (trafficid, recipeid, srcname, datetracked, clickcount) values (87, 11, 'Threads', '2025-02-14', 23);
insert into OffsiteTraffic (trafficid, recipeid, srcname, datetracked, clickcount) values (88, 30, 'Other', '2024-06-30', 29);
insert into OffsiteTraffic (trafficid, recipeid, srcname, datetracked, clickcount) values (89, 29, 'Other', '2024-12-04', 88);
insert into OffsiteTraffic (trafficid, recipeid, srcname, datetracked, clickcount) values (90, 21, 'Threads', '2024-09-10', 41);
insert into OffsiteTraffic (trafficid, recipeid, srcname, datetracked, clickcount) values (91, 12, 'Facebook', '2024-04-20', 65);
insert into OffsiteTraffic (trafficid, recipeid, srcname, datetracked, clickcount) values (92, 23, 'Threads', '2025-03-14', 55);
insert into OffsiteTraffic (trafficid, recipeid, srcname, datetracked, clickcount) values (93, 26, 'Instagram', '2025-03-22', 41);
insert into OffsiteTraffic (trafficid, recipeid, srcname, datetracked, clickcount) values (94, 2, 'Instagram', '2024-05-04', 6);
insert into OffsiteTraffic (trafficid, recipeid, srcname, datetracked, clickcount) values (95, 22, 'Threads', '2024-08-28', 92);
insert into OffsiteTraffic (trafficid, recipeid, srcname, datetracked, clickcount) values (96, 24, 'Facebook', '2024-05-07', 89);
insert into OffsiteTraffic (trafficid, recipeid, srcname, datetracked, clickcount) values (97, 19, 'Facebook', '2024-11-14', 24);
insert into OffsiteTraffic (trafficid, recipeid, srcname, datetracked, clickcount) values (98, 43, 'Facebook', '2024-05-10', 80);
insert into OffsiteTraffic (trafficid, recipeid, srcname, datetracked, clickcount) values (99, 30, 'Instagram', '2025-02-24', 75);
insert into OffsiteTraffic (trafficid, recipeid, srcname, datetracked, clickcount) values (100, 37, 'Instagram', '2025-01-10', 69);

insert into Endorses (endorsingchefid, endorsedchefid, dateendorsed, endorsemessage) values (82, 90, '2024-05-21', 'Donec ut dolor. Morbi vel lectus in quam fringilla rhoncus.');
insert into Endorses (endorsingchefid, endorsedchefid, dateendorsed, endorsemessage) values (90, 66, '2024-04-19', 'In hac habitasse platea dictumst.');
insert into Endorses (endorsingchefid, endorsedchefid, dateendorsed, endorsemessage) values (73, 86, '2024-11-14', 'Aliquam sit amet diam in magna bibendum imperdiet. Nullam orci pede, venenatis non, sodales sed, tincidunt eu, felis.');
insert into Endorses (endorsingchefid, endorsedchefid, dateendorsed, endorsemessage) values (71, 79, '2024-12-24', 'Mauris lacinia sapien quis libero.');
insert into Endorses (endorsingchefid, endorsedchefid, dateendorsed, endorsemessage) values (85, 68, '2024-09-11', 'Integer aliquet, massa id lobortis convallis, tortor risus dapibus augue, vel accumsan tellus nisi eu orci. Mauris lacinia sapien quis libero.');
insert into Endorses (endorsingchefid, endorsedchefid, dateendorsed, endorsemessage) values (77, 70, '2024-11-06', 'In quis justo. Maecenas rhoncus aliquam lacus.');
insert into Endorses (endorsingchefid, endorsedchefid, dateendorsed, endorsemessage) values (62, 64, '2024-05-08', 'Cras non velit nec nisi vulputate nonummy. Maecenas tincidunt lacus at velit.');
insert into Endorses (endorsingchefid, endorsedchefid, dateendorsed, endorsemessage) values (72, 77, '2024-07-04', 'Morbi non lectus. Aliquam sit amet diam in magna bibendum imperdiet.');
insert into Endorses (endorsingchefid, endorsedchefid, dateendorsed, endorsemessage) values (72, 76, '2025-02-20', 'Sed sagittis.');
insert into Endorses (endorsingchefid, endorsedchefid, dateendorsed, endorsemessage) values (79, 75, '2024-06-08', 'Etiam faucibus cursus urna.');
insert into Endorses (endorsingchefid, endorsedchefid, dateendorsed, endorsemessage) values (72, 74, '2024-05-10', 'Morbi odio odio, elementum eu, interdum eu, tincidunt in, leo.');
insert into Endorses (endorsingchefid, endorsedchefid, dateendorsed, endorsemessage) values (88, 73, '2025-01-16', 'Duis mattis egestas metus. Aenean fermentum.');
insert into Endorses (endorsingchefid, endorsedchefid, dateendorsed, endorsemessage) values (87, 89, '2024-04-24', 'Integer a nibh.');
insert into Endorses (endorsingchefid, endorsedchefid, dateendorsed, endorsemessage) values (63, 69, '2025-02-13', 'Pellentesque viverra pede ac diam.');
insert into Endorses (endorsingchefid, endorsedchefid, dateendorsed, endorsemessage) values (66, 65, '2024-10-02', 'Nullam varius. Nulla facilisi.');
insert into Endorses (endorsingchefid, endorsedchefid, dateendorsed, endorsemessage) values (67, 79, '2024-09-25', 'Praesent id massa id nisl venenatis lacinia. Aenean sit amet justo.');
insert into Endorses (endorsingchefid, endorsedchefid, dateendorsed, endorsemessage) values (62, 86, '2024-07-14', 'Vivamus vestibulum sagittis sapien.');
insert into Endorses (endorsingchefid, endorsedchefid, dateendorsed, endorsemessage) values (73, 79, '2024-09-15', 'Pellentesque viverra pede ac diam.');
insert into Endorses (endorsingchefid, endorsedchefid, dateendorsed, endorsemessage) values (69, 74, '2024-07-06', 'Suspendisse potenti.');
insert into Endorses (endorsingchefid, endorsedchefid, dateendorsed, endorsemessage) values (89, 64, '2024-08-15', 'Donec dapibus.');
insert into Endorses (endorsingchefid, endorsedchefid, dateendorsed, endorsemessage) values (86, 66, '2024-07-20', 'In sagittis dui vel nisl.');
insert into Endorses (endorsingchefid, endorsedchefid, dateendorsed, endorsemessage) values (84, 76, '2024-12-22', 'Aliquam quis turpis eget elit sodales scelerisque. Mauris sit amet eros.');
insert into Endorses (endorsingchefid, endorsedchefid, dateendorsed, endorsemessage) values (64, 62, '2024-12-29', 'Morbi vel lectus in quam fringilla rhoncus.');
insert into Endorses (endorsingchefid, endorsedchefid, dateendorsed, endorsemessage) values (86, 87, '2024-09-02', 'Duis mattis egestas metus.');
insert into Endorses (endorsingchefid, endorsedchefid, dateendorsed, endorsemessage) values (63, 71, '2024-12-05', 'Fusce lacus purus, aliquet at, feugiat non, pretium quis, lectus. Suspendisse potenti.');
insert into Endorses (endorsingchefid, endorsedchefid, dateendorsed, endorsemessage) values (61, 72, '2024-11-30', 'In sagittis dui vel nisl.');
insert into Endorses (endorsingchefid, endorsedchefid, dateendorsed, endorsemessage) values (76, 65, '2024-07-27', 'Morbi a ipsum. Integer a nibh.');
insert into Endorses (endorsingchefid, endorsedchefid, dateendorsed, endorsemessage) values (70, 65, '2024-05-21', 'Duis ac nibh. Fusce lacus purus, aliquet at, feugiat non, pretium quis, lectus.');
insert into Endorses (endorsingchefid, endorsedchefid, dateendorsed, endorsemessage) values (64, 80, '2024-10-25', 'Integer ac leo.');
insert into Endorses (endorsingchefid, endorsedchefid, dateendorsed, endorsemessage) values (71, 72, '2025-01-19', 'Aenean auctor gravida sem. Praesent id massa id nisl venenatis lacinia.');
insert into Endorses (endorsingchefid, endorsedchefid, dateendorsed, endorsemessage) values (88, 62, '2025-01-26', 'Donec posuere metus vitae ipsum.');
insert into Endorses (endorsingchefid, endorsedchefid, dateendorsed, endorsemessage) values (74, 72, '2024-08-03', 'Fusce consequat.');
insert into Endorses (endorsingchefid, endorsedchefid, dateendorsed, endorsemessage) values (86, 76, '2025-01-22', 'Phasellus id sapien in sapien iaculis congue. Vivamus metus arcu, adipiscing molestie, hendrerit at, vulputate vitae, nisl.');
insert into Endorses (endorsingchefid, endorsedchefid, dateendorsed, endorsemessage) values (80, 87, '2024-10-16', 'Donec diam neque, vestibulum eget, vulputate ut, ultrices vel, augue.');
insert into Endorses (endorsingchefid, endorsedchefid, dateendorsed, endorsemessage) values (88, 80, '2024-10-26', 'Integer non velit.');
insert into Endorses (endorsingchefid, endorsedchefid, dateendorsed, endorsemessage) values (64, 71, '2025-02-28', 'Nullam porttitor lacus at turpis. Donec posuere metus vitae ipsum.');
insert into Endorses (endorsingchefid, endorsedchefid, dateendorsed, endorsemessage) values (80, 67, '2025-01-12', 'Etiam pretium iaculis justo. In hac habitasse platea dictumst.');
insert into Endorses (endorsingchefid, endorsedchefid, dateendorsed, endorsemessage) values (75, 78, '2024-07-26', 'Proin eu mi.');
insert into Endorses (endorsingchefid, endorsedchefid, dateendorsed, endorsemessage) values (70, 73, '2024-12-13', 'Quisque arcu libero, rutrum ac, lobortis vel, dapibus at, diam. Nam tristique tortor eu pede.');
insert into Endorses (endorsingchefid, endorsedchefid, dateendorsed, endorsemessage) values (66, 74, '2024-11-16', 'Maecenas ut massa quis augue luctus tincidunt.');
insert into Endorses (endorsingchefid, endorsedchefid, dateendorsed, endorsemessage) values (63, 88, '2024-07-13', 'In tempor, turpis nec euismod scelerisque, quam turpis adipiscing lorem, vitae mattis nibh ligula nec sem. Duis aliquam convallis nunc.');
insert into Endorses (endorsingchefid, endorsedchefid, dateendorsed, endorsemessage) values (90, 73, '2025-03-25', 'Quisque porta volutpat erat.');
insert into Endorses (endorsingchefid, endorsedchefid, dateendorsed, endorsemessage) values (66, 88, '2024-07-10', 'Quisque ut erat.');
insert into Endorses (endorsingchefid, endorsedchefid, dateendorsed, endorsemessage) values (77, 76, '2024-10-14', 'In tempor, turpis nec euismod scelerisque, quam turpis adipiscing lorem, vitae mattis nibh ligula nec sem.');
insert into Endorses (endorsingchefid, endorsedchefid, dateendorsed, endorsemessage) values (64, 83, '2024-07-22', 'Cras in purus eu magna vulputate luctus.');
insert into Endorses (endorsingchefid, endorsedchefid, dateendorsed, endorsemessage) values (79, 70, '2025-02-11', 'Integer ac leo.');
insert into Endorses (endorsingchefid, endorsedchefid, dateendorsed, endorsemessage) values (62, 66, '2024-10-19', 'Proin at turpis a pede posuere nonummy. Integer non velit.');
insert into Endorses (endorsingchefid, endorsedchefid, dateendorsed, endorsemessage) values (85, 73, '2024-11-01', 'Morbi vel lectus in quam fringilla rhoncus. Mauris enim leo, rhoncus sed, vestibulum sit amet, cursus id, turpis.');
insert into Endorses (endorsingchefid, endorsedchefid, dateendorsed, endorsemessage) values (61, 67, '2024-09-24', 'Duis ac nibh. Fusce lacus purus, aliquet at, feugiat non, pretium quis, lectus.');
insert into Endorses (endorsingchefid, endorsedchefid, dateendorsed, endorsemessage) values (76, 78, '2024-10-03', 'Donec diam neque, vestibulum eget, vulputate ut, ultrices vel, augue.');
insert into Endorses (endorsingchefid, endorsedchefid, dateendorsed, endorsemessage) values (68, 72, '2024-07-06', 'Lorem ipsum dolor sit amet, consectetuer adipiscing elit. Proin interdum mauris non ligula pellentesque ultrices.');
insert into Endorses (endorsingchefid, endorsedchefid, dateendorsed, endorsemessage) values (72, 64, '2024-06-07', 'Donec semper sapien a libero.');
insert into Endorses (endorsingchefid, endorsedchefid, dateendorsed, endorsemessage) values (87, 70, '2025-02-03', 'Suspendisse potenti. Cras in purus eu magna vulputate luctus.');
insert into Endorses (endorsingchefid, endorsedchefid, dateendorsed, endorsemessage) values (86, 61, '2025-03-18', 'Cum sociis natoque penatibus et magnis dis parturient montes, nascetur ridiculus mus.');
insert into Endorses (endorsingchefid, endorsedchefid, dateendorsed, endorsemessage) values (83, 81, '2024-10-23', 'Nunc rhoncus dui vel sem.');
insert into Endorses (endorsingchefid, endorsedchefid, dateendorsed, endorsemessage) values (61, 75, '2024-05-02', 'Duis mattis egestas metus.');
insert into Endorses (endorsingchefid, endorsedchefid, dateendorsed, endorsemessage) values (85, 82, '2024-12-21', 'Curabitur in libero ut massa volutpat convallis. Morbi odio odio, elementum eu, interdum eu, tincidunt in, leo.');
insert into Endorses (endorsingchefid, endorsedchefid, dateendorsed, endorsemessage) values (72, 61, '2024-10-25', 'Pellentesque at nulla. Suspendisse potenti.');
insert into Endorses (endorsingchefid, endorsedchefid, dateendorsed, endorsemessage) values (90, 69, '2024-11-19', 'Mauris ullamcorper purus sit amet nulla.');

insert into Administrator (adminid, name, permissions, phonenum, department, hiredate) values (91, 'Clarie Chisholme', 'Limited', '293-937-3912', 'Moderator', '2024-12-24');
insert into Administrator (adminid, name, permissions, phonenum, department, hiredate) values (92, 'Modesty McKenzie', 'Full', '355-360-3028', 'Moderator', '2025-03-18');
insert into Administrator (adminid, name, permissions, phonenum, department, hiredate) values (93, 'Brigida Ghilardini', 'Limited', '361-904-7538', 'Moderator', '2024-06-24');
insert into Administrator (adminid, name, permissions, phonenum, department, hiredate) values (94, 'Yvette Roseborough', 'Full', '542-673-1808', 'Moderator', '2024-05-27');
insert into Administrator (adminid, name, permissions, phonenum, department, hiredate) values (95, 'Ivette Winstanley', 'Full', '204-707-4805', 'Moderator', '2024-09-06');

insert into Analyst (analysisid, name, permissions, phonenum, department, hiredate) values (95, 'Den Braga', 'Limited', '191-329-8290', 'Recipes', '2025-01-25');insert into Analyst (analysisid, name, permissions, phonenum, department, hiredate) values (96, 'Kit Grichukhanov', 'Full', '942-208-7936', 'Recipes', '2024-06-20');
insert into Analyst (analysisid, name, permissions, phonenum, department, hiredate) values (97, 'Barrie Fitzgerald', 'Limited', '505-672-7303', 'Searches', '2024-12-19');
insert into Analyst (analysisid, name, permissions, phonenum, department, hiredate) values (98, 'Pincus Shelsher', 'Full', '932-493-2642', 'Offsite', '2024-05-31');
insert into Analyst (analysisid, name, permissions, phonenum, department, hiredate) values (99, 'Scarface Benzies', 'Full', '503-150-9537', 'Promo', '2024-10-20');
insert into Analyst (analysisid, name, permissions, phonenum, department, hiredate) values (100, 'Carmelita Langhorn', 'Limited', '384-207-7271', 'Recipes', '2025-03-14');

insert into Issue (issueid, userid, enteredtime, priority, status, title, description, resolveddate) values (1, 45, '2025-03-14', 'Not urgent', 'Working', 'small bug', 'Vivamus in felis eu sapien cursus vestibulum.', '2025-01-28');
insert into Issue (issueid, userid, enteredtime, priority, status, title, description, resolveddate) values (2, 37, '2024-10-11', 'Not urgent', 'Working', 'small bug', 'Praesent blandit lacinia erat.', '2025-03-25');
insert into Issue (issueid, userid, enteredtime, priority, status, title, description, resolveddate) values (3, 79, '2024-11-21', 'Not urgent', 'Working', 'big bug', 'Quisque arcu libero, rutrum ac, lobortis vel, dapibus at, diam.', '2025-03-26');
insert into Issue (issueid, userid, enteredtime, priority, status, title, description, resolveddate) values (4, 58, '2024-07-29', 'Urgent', 'Pending', 'small bug', 'Vestibulum rutrum rutrum neque.', '2025-01-10');
insert into Issue (issueid, userid, enteredtime, priority, status, title, description, resolveddate) values (5, 98, '2024-05-02', 'Urgent', 'Pending', 'big bug', 'Morbi odio odio, elementum eu, interdum eu, tincidunt in, leo.', '2024-11-19');
insert into Issue (issueid, userid, enteredtime, priority, status, title, description, resolveddate) values (6, 87, '2024-10-12', 'Not urgent', 'Working', 'moderation needed', 'Aliquam erat volutpat.', '2024-09-23');
insert into Issue (issueid, userid, enteredtime, priority, status, title, description, resolveddate) values (7, 2, '2025-02-06', 'Not urgent', 'Working', 'big bug', 'Lorem ipsum dolor sit amet, consectetuer adipiscing elit.', '2024-12-19');
insert into Issue (issueid, userid, enteredtime, priority, status, title, description, resolveddate) values (8, 14, '2024-05-02', 'Not urgent', 'Fixed', 'moderation needed', 'In sagittis dui vel nisl.', '2025-01-06');
insert into Issue (issueid, userid, enteredtime, priority, status, title, description, resolveddate) values (9, 69, '2025-03-22', 'Not urgent', 'Fixed', 'small bug', 'Donec quis orci eget orci vehicula condimentum.', '2024-08-02');
insert into Issue (issueid, userid, enteredtime, priority, status, title, description, resolveddate) values (10, 54, '2024-04-25', 'Urgent', 'Fixed', 'big bug', 'Suspendisse accumsan tortor quis turpis.', '2024-04-28');
insert into Issue (issueid, userid, enteredtime, priority, status, title, description, resolveddate) values (11, 81, '2024-10-15', 'Urgent', 'Pending', 'small bug', 'Maecenas rhoncus aliquam lacus.', '2024-06-26');
insert into Issue (issueid, userid, enteredtime, priority, status, title, description, resolveddate) values (12, 5, '2024-05-31', 'Not urgent', 'Pending', 'big bug', 'Nulla tellus.', '2025-01-07');
insert into Issue (issueid, userid, enteredtime, priority, status, title, description, resolveddate) values (13, 49, '2025-01-28', 'Urgent', 'Working', 'big bug', 'Donec posuere metus vitae ipsum.', '2025-03-07');
insert into Issue (issueid, userid, enteredtime, priority, status, title, description, resolveddate) values (14, 43, '2025-02-18', 'Urgent', 'Pending', 'small bug', 'Etiam justo.', '2024-11-03');
insert into Issue (issueid, userid, enteredtime, priority, status, title, description, resolveddate) values (15, 6, '2025-03-21', 'Not urgent', 'Pending', 'small bug', 'Etiam pretium iaculis justo.', '2025-03-22');
insert into Issue (issueid, userid, enteredtime, priority, status, title, description, resolveddate) values (16, 67, '2024-11-07', 'Not urgent', 'Fixed', 'small bug', 'Curabitur convallis.', '2024-04-16');
insert into Issue (issueid, userid, enteredtime, priority, status, title, description, resolveddate) values (17, 79, '2025-04-10', 'Not urgent', 'Working', 'moderation needed', 'Mauris sit amet eros.', '2025-03-27');
insert into Issue (issueid, userid, enteredtime, priority, status, title, description, resolveddate) values (18, 95, '2025-03-16', 'Urgent', 'Working', 'moderation needed', 'Maecenas rhoncus aliquam lacus.', '2024-11-08');
insert into Issue (issueid, userid, enteredtime, priority, status, title, description, resolveddate) values (19, 10, '2024-06-07', 'Urgent', 'Fixed', 'moderation needed', 'Nunc rhoncus dui vel sem.', '2024-06-06');
insert into Issue (issueid, userid, enteredtime, priority, status, title, description, resolveddate) values (20, 39, '2024-10-18', 'Urgent', 'Pending', 'big bug', 'Vivamus vestibulum sagittis sapien.', '2024-12-19');
insert into Issue (issueid, userid, enteredtime, priority, status, title, description, resolveddate) values (21, 43, '2024-08-26', 'Not urgent', 'Pending', 'small bug', 'Aenean sit amet justo.', '2024-06-06');
insert into Issue (issueid, userid, enteredtime, priority, status, title, description, resolveddate) values (22, 31, '2024-08-31', 'Not urgent', 'Pending', 'small bug', 'Suspendisse potenti.', '2024-09-22');
insert into Issue (issueid, userid, enteredtime, priority, status, title, description, resolveddate) values (23, 55, '2025-01-21', 'Urgent', 'Working', 'small bug', 'In sagittis dui vel nisl.', '2024-12-28');
insert into Issue (issueid, userid, enteredtime, priority, status, title, description, resolveddate) values (24, 62, '2025-04-03', 'Not urgent', 'Fixed', 'small bug', 'Integer non velit.', '2025-01-29');
insert into Issue (issueid, userid, enteredtime, priority, status, title, description, resolveddate) values (25, 66, '2024-10-08', 'Not urgent', 'Fixed', 'small bug', 'Donec quis orci eget orci vehicula condimentum.', '2024-04-28');
insert into Issue (issueid, userid, enteredtime, priority, status, title, description, resolveddate) values (26, 46, '2024-09-04', 'Urgent', 'Pending', 'moderation needed', 'Nulla ac enim.', '2025-03-28');
insert into Issue (issueid, userid, enteredtime, priority, status, title, description, resolveddate) values (27, 16, '2024-12-13', 'Not urgent', 'Pending', 'small bug', 'Mauris sit amet eros.', '2024-11-08');
insert into Issue (issueid, userid, enteredtime, priority, status, title, description, resolveddate) values (28, 55, '2024-09-26', 'Urgent', 'Fixed', 'small bug', 'In eleifend quam a odio.', '2024-04-21');
insert into Issue (issueid, userid, enteredtime, priority, status, title, description, resolveddate) values (29, 71, '2024-05-15', 'Urgent', 'Working', 'moderation needed', 'Morbi ut odio.', '2024-06-27');
insert into Issue (issueid, userid, enteredtime, priority, status, title, description, resolveddate) values (30, 42, '2024-10-30', 'Urgent', 'Pending', 'small bug', 'In hac habitasse platea dictumst.', '2024-06-29');
insert into Issue (issueid, userid, enteredtime, priority, status, title, description, resolveddate) values (31, 21, '2024-12-12', 'Not urgent', 'Working', 'small bug', 'Nam dui.', '2024-08-16');
insert into Issue (issueid, userid, enteredtime, priority, status, title, description, resolveddate) values (32, 4, '2025-03-07', 'Urgent', 'Pending', 'big bug', 'Phasellus in felis.', '2024-04-17');
insert into Issue (issueid, userid, enteredtime, priority, status, title, description, resolveddate) values (33, 37, '2025-04-10', 'Urgent', 'Pending', 'moderation needed', 'Integer aliquet, massa id lobortis convallis, tortor risus dapibus augue, vel accumsan tellus nisi eu orci.', '2024-04-22');
insert into Issue (issueid, userid, enteredtime, priority, status, title, description, resolveddate) values (34, 93, '2024-08-25', 'Urgent', 'Working', 'moderation needed', 'Integer tincidunt ante vel ipsum.', '2024-11-05');
insert into Issue (issueid, userid, enteredtime, priority, status, title, description, resolveddate) values (35, 28, '2024-05-30', 'Urgent', 'Fixed', 'big bug', 'Sed accumsan felis.', '2024-11-30');
insert into Issue (issueid, userid, enteredtime, priority, status, title, description, resolveddate) values (36, 2, '2024-11-05', 'Urgent', 'Working', 'small bug', 'Integer ac leo.', '2025-04-08');
insert into Issue (issueid, userid, enteredtime, priority, status, title, description, resolveddate) values (37, 60, '2024-08-19', 'Not urgent', 'Fixed', 'small bug', 'Integer ac neque.', '2024-10-12');
insert into Issue (issueid, userid, enteredtime, priority, status, title, description, resolveddate) values (38, 5, '2024-10-15', 'Not urgent', 'Fixed', 'moderation needed', 'Vivamus vestibulum sagittis sapien.', '2024-04-22');
insert into Issue (issueid, userid, enteredtime, priority, status, title, description, resolveddate) values (39, 54, '2025-03-22', 'Urgent', 'Fixed', 'big bug', 'Integer pede justo, lacinia eget, tincidunt eget, tempus vel, pede.', '2025-01-25');
insert into Issue (issueid, userid, enteredtime, priority, status, title, description, resolveddate) values (40, 57, '2025-01-29', 'Urgent', 'Working', 'moderation needed', 'Donec dapibus.', '2024-08-14');
insert into Issue (issueid, userid, enteredtime, priority, status, title, description, resolveddate) values (41, 91, '2024-05-07', 'Urgent', 'Fixed', 'big bug', 'Vestibulum sed magna at nunc commodo placerat.', '2025-03-12');
insert into Issue (issueid, userid, enteredtime, priority, status, title, description, resolveddate) values (42, 48, '2024-06-08', 'Not urgent', 'Working', 'small bug', 'Praesent lectus.', '2025-02-07');
insert into Issue (issueid, userid, enteredtime, priority, status, title, description, resolveddate) values (43, 89, '2024-06-05', 'Urgent', 'Working', 'small bug', 'Integer ac leo.', '2024-07-08');
insert into Issue (issueid, userid, enteredtime, priority, status, title, description, resolveddate) values (44, 84, '2024-09-07', 'Not urgent', 'Pending', 'big bug', 'In sagittis dui vel nisl.', '2024-07-12');
insert into Issue (issueid, userid, enteredtime, priority, status, title, description, resolveddate) values (45, 40, '2024-07-01', 'Urgent', 'Working', 'moderation needed', 'Sed vel enim sit amet nunc viverra dapibus.', '2024-08-21');
insert into Issue (issueid, userid, enteredtime, priority, status, title, description, resolveddate) values (46, 99, '2024-10-12', 'Urgent', 'Working', 'small bug', 'Nullam porttitor lacus at turpis.', '2024-06-01');
insert into Issue (issueid, userid, enteredtime, priority, status, title, description, resolveddate) values (47, 51, '2024-11-27', 'Not urgent', 'Working', 'big bug', 'Phasellus id sapien in sapien iaculis congue.', '2024-11-05');
insert into Issue (issueid, userid, enteredtime, priority, status, title, description, resolveddate) values (48, 19, '2025-02-03', 'Not urgent', 'Fixed', 'big bug', 'Donec ut mauris eget massa tempor convallis.', '2025-02-09');
insert into Issue (issueid, userid, enteredtime, priority, status, title, description, resolveddate) values (49, 33, '2024-05-31', 'Urgent', 'Pending', 'big bug', 'Integer non velit.', '2024-12-06');
insert into Issue (issueid, userid, enteredtime, priority, status, title, description, resolveddate) values (50, 94, '2024-10-02', 'Not urgent', 'Working', 'small bug', 'Nulla facilisi.', '2024-08-08');
insert into Issue (issueid, userid, enteredtime, priority, status, title, description, resolveddate) values (51, 40, '2024-08-25', 'Not urgent', 'Fixed', 'big bug', 'Curabitur gravida nisi at nibh.', '2024-11-26');
insert into Issue (issueid, userid, enteredtime, priority, status, title, description, resolveddate) values (52, 98, '2025-02-08', 'Not urgent', 'Fixed', 'moderation needed', 'Morbi ut odio.', '2024-04-15');
insert into Issue (issueid, userid, enteredtime, priority, status, title, description, resolveddate) values (53, 61, '2024-08-30', 'Urgent', 'Pending', 'moderation needed', 'Maecenas tincidunt lacus at velit.', '2024-05-05');
insert into Issue (issueid, userid, enteredtime, priority, status, title, description, resolveddate) values (54, 91, '2025-01-19', 'Not urgent', 'Working', 'moderation needed', 'Phasellus sit amet erat.', '2024-12-21');
insert into Issue (issueid, userid, enteredtime, priority, status, title, description, resolveddate) values (55, 90, '2024-05-29', 'Urgent', 'Pending', 'moderation needed', 'Aliquam non mauris.', '2025-01-22');
insert into Issue (issueid, userid, enteredtime, priority, status, title, description, resolveddate) values (56, 54, '2025-03-30', 'Urgent', 'Pending', 'moderation needed', 'In sagittis dui vel nisl.', '2024-07-03');
insert into Issue (issueid, userid, enteredtime, priority, status, title, description, resolveddate) values (57, 40, '2024-10-05', 'Urgent', 'Fixed', 'small bug', 'Donec dapibus.', '2025-01-04');
insert into Issue (issueid, userid, enteredtime, priority, status, title, description, resolveddate) values (58, 28, '2025-02-28', 'Not urgent', 'Pending', 'moderation needed', 'In est risus, auctor sed, tristique in, tempus sit amet, sem.', '2025-02-12');
insert into Issue (issueid, userid, enteredtime, priority, status, title, description, resolveddate) values (59, 93, '2025-01-11', 'Not urgent', 'Fixed', 'moderation needed', 'Duis at velit eu est congue elementum.', '2024-04-25');
insert into Issue (issueid, userid, enteredtime, priority, status, title, description, resolveddate) values (60, 92, '2024-07-31', 'Urgent', 'Fixed', 'small bug', 'Etiam vel augue.', '2024-04-27');
insert into Issue (issueid, userid, enteredtime, priority, status, title, description, resolveddate) values (61, 86, '2024-10-12', 'Not urgent', 'Working', 'big bug', 'Nam dui.', '2024-07-15');
insert into Issue (issueid, userid, enteredtime, priority, status, title, description, resolveddate) values (62, 37, '2024-12-07', 'Not urgent', 'Working', 'moderation needed', 'Vivamus vestibulum sagittis sapien.', '2024-12-06');
insert into Issue (issueid, userid, enteredtime, priority, status, title, description, resolveddate) values (63, 61, '2025-03-27', 'Urgent', 'Pending', 'small bug', 'Aliquam augue quam, sollicitudin vitae, consectetuer eget, rutrum at, lorem.', '2024-10-31');
insert into Issue (issueid, userid, enteredtime, priority, status, title, description, resolveddate) values (64, 39, '2024-05-02', 'Urgent', 'Fixed', 'small bug', 'Nam tristique tortor eu pede.', '2024-11-15');
insert into Issue (issueid, userid, enteredtime, priority, status, title, description, resolveddate) values (65, 96, '2024-06-03', 'Not urgent', 'Working', 'moderation needed', 'Duis ac nibh.', '2024-08-31');
insert into Issue (issueid, userid, enteredtime, priority, status, title, description, resolveddate) values (66, 50, '2024-12-22', 'Urgent', 'Fixed', 'big bug', 'Etiam vel augue.', '2025-01-21');
insert into Issue (issueid, userid, enteredtime, priority, status, title, description, resolveddate) values (67, 23, '2024-12-17', 'Urgent', 'Pending', 'big bug', 'Suspendisse accumsan tortor quis turpis.', '2024-10-21');
insert into Issue (issueid, userid, enteredtime, priority, status, title, description, resolveddate) values (68, 1, '2024-06-08', 'Urgent', 'Pending', 'moderation needed', 'Integer pede justo, lacinia eget, tincidunt eget, tempus vel, pede.', '2025-03-19');
insert into Issue (issueid, userid, enteredtime, priority, status, title, description, resolveddate) values (69, 96, '2025-02-02', 'Not urgent', 'Working', 'big bug', 'Vestibulum quam sapien, varius ut, blandit non, interdum in, ante.', '2024-10-17');
insert into Issue (issueid, userid, enteredtime, priority, status, title, description, resolveddate) values (70, 11, '2024-08-22', 'Urgent', 'Pending', 'big bug', 'Aliquam sit amet diam in magna bibendum imperdiet.', '2025-02-24');
insert into Issue (issueid, userid, enteredtime, priority, status, title, description, resolveddate) values (71, 85, '2024-05-25', 'Not urgent', 'Fixed', 'big bug', 'Nunc rhoncus dui vel sem.', '2024-05-21');
insert into Issue (issueid, userid, enteredtime, priority, status, title, description, resolveddate) values (72, 68, '2024-09-09', 'Not urgent', 'Pending', 'small bug', 'Integer ac leo.', '2025-01-01');
insert into Issue (issueid, userid, enteredtime, priority, status, title, description, resolveddate) values (73, 84, '2024-09-04', 'Not urgent', 'Pending', 'big bug', 'In est risus, auctor sed, tristique in, tempus sit amet, sem.', '2024-10-28');
insert into Issue (issueid, userid, enteredtime, priority, status, title, description, resolveddate) values (74, 66, '2025-01-29', 'Not urgent', 'Fixed', 'big bug', 'Fusce consequat.', '2024-10-02');
insert into Issue (issueid, userid, enteredtime, priority, status, title, description, resolveddate) values (75, 77, '2025-03-09', 'Not urgent', 'Pending', 'moderation needed', 'Aenean fermentum.', '2024-11-09');
insert into Issue (issueid, userid, enteredtime, priority, status, title, description, resolveddate) values (76, 96, '2024-11-15', 'Urgent', 'Pending', 'moderation needed', 'Pellentesque viverra pede ac diam.', '2025-01-13');
insert into Issue (issueid, userid, enteredtime, priority, status, title, description, resolveddate) values (77, 68, '2024-10-27', 'Urgent', 'Working', 'moderation needed', 'In tempor, turpis nec euismod scelerisque, quam turpis adipiscing lorem, vitae mattis nibh ligula nec sem.', '2024-08-01');
insert into Issue (issueid, userid, enteredtime, priority, status, title, description, resolveddate) values (78, 94, '2024-07-03', 'Not urgent', 'Fixed', 'moderation needed', 'Nam nulla.', '2025-02-21');
insert into Issue (issueid, userid, enteredtime, priority, status, title, description, resolveddate) values (79, 84, '2024-10-29', 'Urgent', 'Pending', 'small bug', 'Quisque ut erat.', '2024-05-31');
insert into Issue (issueid, userid, enteredtime, priority, status, title, description, resolveddate) values (80, 57, '2024-06-15', 'Not urgent', 'Pending', 'small bug', 'In sagittis dui vel nisl.', '2024-06-04');
insert into Issue (issueid, userid, enteredtime, priority, status, title, description, resolveddate) values (81, 58, '2024-06-08', 'Not urgent', 'Fixed', 'small bug', 'Quisque id justo sit amet sapien dignissim vestibulum.', '2024-12-10');
insert into Issue (issueid, userid, enteredtime, priority, status, title, description, resolveddate) values (82, 20, '2024-07-30', 'Not urgent', 'Fixed', 'big bug', 'Nulla justo.', '2024-11-29');
insert into Issue (issueid, userid, enteredtime, priority, status, title, description, resolveddate) values (83, 14, '2025-03-02', 'Not urgent', 'Fixed', 'big bug', 'Praesent lectus.', '2024-10-29');
insert into Issue (issueid, userid, enteredtime, priority, status, title, description, resolveddate) values (84, 20, '2024-07-07', 'Urgent', 'Fixed', 'small bug', 'Quisque arcu libero, rutrum ac, lobortis vel, dapibus at, diam.', '2025-04-06');
insert into Issue (issueid, userid, enteredtime, priority, status, title, description, resolveddate) values (85, 65, '2024-06-11', 'Urgent', 'Pending', 'big bug', 'Lorem ipsum dolor sit amet, consectetuer adipiscing elit.', '2024-06-24');
insert into Issue (issueid, userid, enteredtime, priority, status, title, description, resolveddate) values (86, 58, '2025-01-13', 'Not urgent', 'Working', 'small bug', 'Aenean fermentum.', '2024-06-02');
insert into Issue (issueid, userid, enteredtime, priority, status, title, description, resolveddate) values (87, 44, '2024-12-01', 'Urgent', 'Working', 'small bug', 'Donec ut mauris eget massa tempor convallis.', '2024-04-27');
insert into Issue (issueid, userid, enteredtime, priority, status, title, description, resolveddate) values (88, 70, '2024-07-04', 'Urgent', 'Fixed', 'small bug', 'Aenean auctor gravida sem.', '2024-06-13');
insert into Issue (issueid, userid, enteredtime, priority, status, title, description, resolveddate) values (89, 69, '2024-10-21', 'Urgent', 'Working', 'big bug', 'Donec quis orci eget orci vehicula condimentum.', '2024-11-06');
insert into Issue (issueid, userid, enteredtime, priority, status, title, description, resolveddate) values (90, 70, '2025-01-13', 'Not urgent', 'Pending', 'big bug', 'Nam congue, risus semper porta volutpat, quam pede lobortis ligula, sit amet eleifend pede libero quis orci.', '2024-09-11');
insert into Issue (issueid, userid, enteredtime, priority, status, title, description, resolveddate) values (91, 25, '2025-04-02', 'Urgent', 'Working', 'big bug', 'Duis at velit eu est congue elementum.', '2024-09-21');
insert into Issue (issueid, userid, enteredtime, priority, status, title, description, resolveddate) values (92, 31, '2024-05-29', 'Not urgent', 'Fixed', 'big bug', 'Sed vel enim sit amet nunc viverra dapibus.', '2024-04-13');
insert into Issue (issueid, userid, enteredtime, priority, status, title, description, resolveddate) values (93, 11, '2024-11-24', 'Not urgent', 'Fixed', 'moderation needed', 'Suspendisse potenti.', '2024-05-22');
insert into Issue (issueid, userid, enteredtime, priority, status, title, description, resolveddate) values (94, 18, '2024-07-01', 'Urgent', 'Pending', 'big bug', 'Nam nulla.', '2024-05-25');
insert into Issue (issueid, userid, enteredtime, priority, status, title, description, resolveddate) values (95, 38, '2025-03-03', 'Not urgent', 'Pending', 'small bug', 'Nulla mollis molestie lorem.', '2024-07-07');
insert into Issue (issueid, userid, enteredtime, priority, status, title, description, resolveddate) values (96, 46, '2024-12-09', 'Urgent', 'Fixed', 'big bug', 'In blandit ultrices enim.', '2024-12-01');
insert into Issue (issueid, userid, enteredtime, priority, status, title, description, resolveddate) values (97, 82, '2024-07-04', 'Not urgent', 'Working', 'moderation needed', 'In eleifend quam a odio.', '2025-03-29');
insert into Issue (issueid, userid, enteredtime, priority, status, title, description, resolveddate) values (98, 76, '2024-11-11', 'Not urgent', 'Fixed', 'big bug', 'Nulla mollis molestie lorem.', '2024-07-08');
insert into Issue (issueid, userid, enteredtime, priority, status, title, description, resolveddate) values (99, 83, '2025-02-15', 'Not urgent', 'Pending', 'small bug', 'In tempor, turpis nec euismod scelerisque, quam turpis adipiscing lorem, vitae mattis nibh ligula nec sem.', '2024-10-19');
insert into Issue (issueid, userid, enteredtime, priority, status, title, description, resolveddate) values (100, 47, '2024-07-21', 'Urgent', 'Working', 'big bug', 'Vivamus metus arcu, adipiscing molestie, hendrerit at, vulputate vitae, nisl.', '2025-02-03');

insert into Search (searchid, cookid, appliedfilters, searchdate, querytext) values (1, 44, 'Cook Time = 0', '2025-01-15', 'Soup');
insert into Search (searchid, cookid, appliedfilters, searchdate, querytext) values (2, 44, 'Prep Time <30', '2024-09-20', 'Pad Thai');
insert into Search (searchid, cookid, appliedfilters, searchdate, querytext) values (3, 39, 'Contains Beef', '2024-06-07', 'Omelet');
insert into Search (searchid, cookid, appliedfilters, searchdate, querytext) values (4, 8, 'Vegan', '2025-03-11', 'Omelet');
insert into Search (searchid, cookid, appliedfilters, searchdate, querytext) values (5, 47, 'Vegan', '2025-03-12', 'Pad Thai');
insert into Search (searchid, cookid, appliedfilters, searchdate, querytext) values (6, 8, 'Contains Beef', '2024-11-29', 'Steak');
insert into Search (searchid, cookid, appliedfilters, searchdate, querytext) values (7, 18, 'Prep Time <30', '2025-01-29', 'Pad Thai');
insert into Search (searchid, cookid, appliedfilters, searchdate, querytext) values (8, 29, 'Contains Beef', '2024-06-25', 'Pad Thai');
insert into Search (searchid, cookid, appliedfilters, searchdate, querytext) values (9, 49, 'Contains Beef', '2024-10-27', 'Soup');
insert into Search (searchid, cookid, appliedfilters, searchdate, querytext) values (10, 44, 'Prep Time <30', '2024-09-08', 'Soup');
insert into Search (searchid, cookid, appliedfilters, searchdate, querytext) values (11, 41, 'Prep Time <30', '2025-03-08', 'Steak');
insert into Search (searchid, cookid, appliedfilters, searchdate, querytext) values (12, 5, 'Prep Time <30', '2025-01-01', 'Steak');
insert into Search (searchid, cookid, appliedfilters, searchdate, querytext) values (13, 33, 'Vegan', '2024-06-02', 'Omelet');
insert into Search (searchid, cookid, appliedfilters, searchdate, querytext) values (14, 51, 'Contains Beef', '2024-12-20', 'Omelet');
insert into Search (searchid, cookid, appliedfilters, searchdate, querytext) values (15, 55, 'Vegan', '2024-06-19', 'Steak');
insert into Search (searchid, cookid, appliedfilters, searchdate, querytext) values (16, 51, 'Cook Time = 0', '2024-08-25', 'Stew');
insert into Search (searchid, cookid, appliedfilters, searchdate, querytext) values (17, 11, 'Vegan', '2024-05-18', 'Omelet');
insert into Search (searchid, cookid, appliedfilters, searchdate, querytext) values (18, 36, 'Vegan', '2025-01-15', 'Omelet');
insert into Search (searchid, cookid, appliedfilters, searchdate, querytext) values (19, 44, 'Contains Beef', '2025-01-11', 'Soup');
insert into Search (searchid, cookid, appliedfilters, searchdate, querytext) values (20, 32, 'Prep Time <30', '2024-08-29', 'Soup');
insert into Search (searchid, cookid, appliedfilters, searchdate, querytext) values (21, 17, 'Vegan', '2024-11-06', 'Pad Thai');
insert into Search (searchid, cookid, appliedfilters, searchdate, querytext) values (22, 29, 'Prep Time <30', '2024-11-16', 'Soup');
insert into Search (searchid, cookid, appliedfilters, searchdate, querytext) values (23, 32, 'Vegan', '2024-07-24', 'Steak');
insert into Search (searchid, cookid, appliedfilters, searchdate, querytext) values (24, 54, 'Cook Time = 0', '2024-04-25', 'Omelet');
insert into Search (searchid, cookid, appliedfilters, searchdate, querytext) values (25, 11, 'Vegan', '2024-04-21', 'Omelet');
insert into Search (searchid, cookid, appliedfilters, searchdate, querytext) values (26, 19, 'Prep Time <30', '2025-03-26', 'Omelet');
insert into Search (searchid, cookid, appliedfilters, searchdate, querytext) values (27, 10, 'Contains Beef', '2024-09-11', 'Pad Thai');
insert into Search (searchid, cookid, appliedfilters, searchdate, querytext) values (28, 60, 'Prep Time <30', '2024-05-30', 'Steak');
insert into Search (searchid, cookid, appliedfilters, searchdate, querytext) values (29, 34, 'Cook Time = 0', '2024-12-16', 'Pad Thai');
insert into Search (searchid, cookid, appliedfilters, searchdate, querytext) values (30, 23, 'Vegan', '2024-11-10', 'Stew');
insert into Search (searchid, cookid, appliedfilters, searchdate, querytext) values (31, 32, 'Vegan', '2024-06-03', 'Steak');
insert into Search (searchid, cookid, appliedfilters, searchdate, querytext) values (32, 1, 'Cook Time = 0', '2024-05-29', 'Steak');
insert into Search (searchid, cookid, appliedfilters, searchdate, querytext) values (33, 22, 'Contains Beef', '2024-06-29', 'Steak');
insert into Search (searchid, cookid, appliedfilters, searchdate, querytext) values (34, 59, 'Prep Time <30', '2024-06-05', 'Omelet');
insert into Search (searchid, cookid, appliedfilters, searchdate, querytext) values (35, 49, 'Vegan', '2024-07-29', 'Steak');
insert into Search (searchid, cookid, appliedfilters, searchdate, querytext) values (36, 6, 'Prep Time <30', '2025-03-19', 'Omelet');
insert into Search (searchid, cookid, appliedfilters, searchdate, querytext) values (37, 29, 'Contains Beef', '2024-06-01', 'Pad Thai');
insert into Search (searchid, cookid, appliedfilters, searchdate, querytext) values (38, 34, 'Prep Time <30', '2024-05-12', 'Pad Thai');
insert into Search (searchid, cookid, appliedfilters, searchdate, querytext) values (39, 10, 'Contains Beef', '2024-11-15', 'Soup');
insert into Search (searchid, cookid, appliedfilters, searchdate, querytext) values (40, 52, 'Contains Beef', '2024-06-05', 'Steak');
insert into Search (searchid, cookid, appliedfilters, searchdate, querytext) values (41, 36, 'Vegan', '2024-08-12', 'Pad Thai');
insert into Search (searchid, cookid, appliedfilters, searchdate, querytext) values (42, 30, 'Cook Time = 0', '2024-12-09', 'Omelet');
insert into Search (searchid, cookid, appliedfilters, searchdate, querytext) values (43, 11, 'Cook Time = 0', '2024-12-23', 'Steak');
insert into Search (searchid, cookid, appliedfilters, searchdate, querytext) values (44, 34, 'Vegan', '2024-07-20', 'Stew');
insert into Search (searchid, cookid, appliedfilters, searchdate, querytext) values (45, 2, 'Prep Time <30', '2024-08-12', 'Stew');
insert into Search (searchid, cookid, appliedfilters, searchdate, querytext) values (46, 56, 'Prep Time <30', '2024-11-22', 'Steak');
insert into Search (searchid, cookid, appliedfilters, searchdate, querytext) values (47, 18, 'Contains Beef', '2025-01-16', 'Omelet');
insert into Search (searchid, cookid, appliedfilters, searchdate, querytext) values (48, 46, 'Contains Beef', '2024-07-19', 'Omelet');
insert into Search (searchid, cookid, appliedfilters, searchdate, querytext) values (49, 50, 'Cook Time = 0', '2024-09-27', 'Omelet');
insert into Search (searchid, cookid, appliedfilters, searchdate, querytext) values (50, 50, 'Prep Time <30', '2024-08-20', 'Steak');
insert into Search (searchid, cookid, appliedfilters, searchdate, querytext) values (51, 33, 'Vegan', '2024-12-27', 'Pad Thai');
insert into Search (searchid, cookid, appliedfilters, searchdate, querytext) values (52, 4, 'Cook Time = 0', '2024-09-25', 'Soup');
insert into Search (searchid, cookid, appliedfilters, searchdate, querytext) values (53, 24, 'Vegan', '2025-03-24', 'Pad Thai');
insert into Search (searchid, cookid, appliedfilters, searchdate, querytext) values (54, 56, 'Contains Beef', '2024-08-08', 'Pad Thai');
insert into Search (searchid, cookid, appliedfilters, searchdate, querytext) values (55, 50, 'Contains Beef', '2024-10-14', 'Stew');
insert into Search (searchid, cookid, appliedfilters, searchdate, querytext) values (56, 4, 'Prep Time <30', '2025-03-04', 'Pad Thai');
insert into Search (searchid, cookid, appliedfilters, searchdate, querytext) values (57, 31, 'Vegan', '2024-12-22', 'Omelet');
insert into Search (searchid, cookid, appliedfilters, searchdate, querytext) values (58, 6, 'Vegan', '2025-03-02', 'Omelet');
insert into Search (searchid, cookid, appliedfilters, searchdate, querytext) values (59, 30, 'Contains Beef', '2024-09-26', 'Soup');
insert into Search (searchid, cookid, appliedfilters, searchdate, querytext) values (60, 13, 'Contains Beef', '2024-10-26', 'Soup');
insert into Search (searchid, cookid, appliedfilters, searchdate, querytext) values (61, 10, 'Prep Time <30', '2025-03-22', 'Soup');
insert into Search (searchid, cookid, appliedfilters, searchdate, querytext) values (62, 51, 'Cook Time = 0', '2024-11-20', 'Steak');
insert into Search (searchid, cookid, appliedfilters, searchdate, querytext) values (63, 20, 'Prep Time <30', '2024-07-16', 'Soup');
insert into Search (searchid, cookid, appliedfilters, searchdate, querytext) values (64, 21, 'Cook Time = 0', '2025-01-10', 'Omelet');
insert into Search (searchid, cookid, appliedfilters, searchdate, querytext) values (65, 11, 'Contains Beef', '2024-10-08', 'Pad Thai');
insert into Search (searchid, cookid, appliedfilters, searchdate, querytext) values (66, 23, 'Cook Time = 0', '2024-05-31', 'Pad Thai');
insert into Search (searchid, cookid, appliedfilters, searchdate, querytext) values (67, 22, 'Contains Beef', '2025-03-12', 'Omelet');
insert into Search (searchid, cookid, appliedfilters, searchdate, querytext) values (68, 16, 'Prep Time <30', '2024-11-13', 'Soup');
insert into Search (searchid, cookid, appliedfilters, searchdate, querytext) values (69, 38, 'Prep Time <30', '2024-05-04', 'Soup');
insert into Search (searchid, cookid, appliedfilters, searchdate, querytext) values (70, 38, 'Vegan', '2025-01-25', 'Stew');
insert into Search (searchid, cookid, appliedfilters, searchdate, querytext) values (71, 52, 'Contains Beef', '2024-07-13', 'Soup');
insert into Search (searchid, cookid, appliedfilters, searchdate, querytext) values (72, 59, 'Vegan', '2025-01-17', 'Pad Thai');
insert into Search (searchid, cookid, appliedfilters, searchdate, querytext) values (73, 53, 'Prep Time <30', '2025-02-07', 'Soup');
insert into Search (searchid, cookid, appliedfilters, searchdate, querytext) values (74, 8, 'Contains Beef', '2024-12-11', 'Soup');
insert into Search (searchid, cookid, appliedfilters, searchdate, querytext) values (75, 19, 'Cook Time = 0', '2025-01-21', 'Pad Thai');
insert into Search (searchid, cookid, appliedfilters, searchdate, querytext) values (76, 13, 'Vegan', '2024-10-24', 'Stew');
insert into Search (searchid, cookid, appliedfilters, searchdate, querytext) values (77, 26, 'Vegan', '2024-10-12', 'Omelet');
insert into Search (searchid, cookid, appliedfilters, searchdate, querytext) values (78, 19, 'Prep Time <30', '2024-06-29', 'Stew');
insert into Search (searchid, cookid, appliedfilters, searchdate, querytext) values (79, 2, 'Vegan', '2024-08-18', 'Steak');
insert into Search (searchid, cookid, appliedfilters, searchdate, querytext) values (80, 17, 'Cook Time = 0', '2024-10-30', 'Soup');
insert into Search (searchid, cookid, appliedfilters, searchdate, querytext) values (81, 30, 'Prep Time <30', '2024-12-13', 'Pad Thai');
insert into Search (searchid, cookid, appliedfilters, searchdate, querytext) values (82, 6, 'Contains Beef', '2024-05-17', 'Stew');
insert into Search (searchid, cookid, appliedfilters, searchdate, querytext) values (83, 33, 'Vegan', '2024-12-07', 'Soup');
insert into Search (searchid, cookid, appliedfilters, searchdate, querytext) values (84, 37, 'Cook Time = 0', '2024-04-20', 'Omelet');
insert into Search (searchid, cookid, appliedfilters, searchdate, querytext) values (85, 60, 'Prep Time <30', '2024-08-01', 'Soup');
insert into Search (searchid, cookid, appliedfilters, searchdate, querytext) values (86, 43, 'Prep Time <30', '2025-04-05', 'Pad Thai');
insert into Search (searchid, cookid, appliedfilters, searchdate, querytext) values (87, 54, 'Cook Time = 0', '2025-03-15', 'Pad Thai');
insert into Search (searchid, cookid, appliedfilters, searchdate, querytext) values (88, 29, 'Contains Beef', '2024-05-27', 'Soup');
insert into Search (searchid, cookid, appliedfilters, searchdate, querytext) values (89, 8, 'Contains Beef', '2024-04-18', 'Omelet');
insert into Search (searchid, cookid, appliedfilters, searchdate, querytext) values (90, 8, 'Vegan', '2024-12-16', 'Steak');
insert into Search (searchid, cookid, appliedfilters, searchdate, querytext) values (91, 19, 'Vegan', '2024-09-10', 'Pad Thai');
insert into Search (searchid, cookid, appliedfilters, searchdate, querytext) values (92, 58, 'Contains Beef', '2024-07-03', 'Stew');
insert into Search (searchid, cookid, appliedfilters, searchdate, querytext) values (93, 52, 'Contains Beef', '2024-04-15', 'Steak');
insert into Search (searchid, cookid, appliedfilters, searchdate, querytext) values (94, 57, 'Cook Time = 0', '2024-08-21', 'Omelet');
insert into Search (searchid, cookid, appliedfilters, searchdate, querytext) values (95, 19, 'Vegan', '2024-10-02', 'Pad Thai');
insert into Search (searchid, cookid, appliedfilters, searchdate, querytext) values (96, 17, 'Vegan', '2024-10-09', 'Omelet');
insert into Search (searchid, cookid, appliedfilters, searchdate, querytext) values (97, 53, 'Prep Time <30', '2024-11-12', 'Omelet');
insert into Search (searchid, cookid, appliedfilters, searchdate, querytext) values (98, 31, 'Contains Beef', '2024-06-17', 'Steak');
insert into Search (searchid, cookid, appliedfilters, searchdate, querytext) values (99, 40, 'Vegan', '2025-03-30', 'Steak');
insert into Search (searchid, cookid, appliedfilters, searchdate, querytext) values (100, 49, 'Contains Beef', '2024-05-20', 'Steak');

insert into SearchIngredient (ingredientid, searchid) values (30, 28);
insert into SearchIngredient (ingredientid, searchid) values (26, 5);
insert into SearchIngredient (ingredientid, searchid) values (20, 16);
insert into SearchIngredient (ingredientid, searchid) values (6, 57);
insert into SearchIngredient (ingredientid, searchid) values (17, 30);
insert into SearchIngredient (ingredientid, searchid) values (31, 30);
insert into SearchIngredient (ingredientid, searchid) values (7, 36);
insert into SearchIngredient (ingredientid, searchid) values (26, 3);
insert into SearchIngredient (ingredientid, searchid) values (13, 87);
insert into SearchIngredient (ingredientid, searchid) values (11, 83);
insert into SearchIngredient (ingredientid, searchid) values (29, 40);
insert into SearchIngredient (ingredientid, searchid) values (21, 57);
insert into SearchIngredient (ingredientid, searchid) values (24, 100);
insert into SearchIngredient (ingredientid, searchid) values (23, 31);
insert into SearchIngredient (ingredientid, searchid) values (29, 67);
insert into SearchIngredient (ingredientid, searchid) values (4, 5);
insert into SearchIngredient (ingredientid, searchid) values (4, 85);
insert into SearchIngredient (ingredientid, searchid) values (16, 1);
insert into SearchIngredient (ingredientid, searchid) values (16, 87);
insert into SearchIngredient (ingredientid, searchid) values (5, 24);
insert into SearchIngredient (ingredientid, searchid) values (10, 23);
insert into SearchIngredient (ingredientid, searchid) values (10, 21);
insert into SearchIngredient (ingredientid, searchid) values (24, 49);
insert into SearchIngredient (ingredientid, searchid) values (29, 88);
insert into SearchIngredient (ingredientid, searchid) values (12, 20);
insert into SearchIngredient (ingredientid, searchid) values (13, 91);
insert into SearchIngredient (ingredientid, searchid) values (19, 10);
insert into SearchIngredient (ingredientid, searchid) values (22, 81);
insert into SearchIngredient (ingredientid, searchid) values (26, 91);
insert into SearchIngredient (ingredientid, searchid) values (10, 93);
insert into SearchIngredient (ingredientid, searchid) values (4, 88);
insert into SearchIngredient (ingredientid, searchid) values (2, 100);
insert into SearchIngredient (ingredientid, searchid) values (26, 9);
insert into SearchIngredient (ingredientid, searchid) values (19, 54);
insert into SearchIngredient (ingredientid, searchid) values (6, 35);
insert into SearchIngredient (ingredientid, searchid) values (6, 17);
insert into SearchIngredient (ingredientid, searchid) values (28, 55);
insert into SearchIngredient (ingredientid, searchid) values (18, 21);
insert into SearchIngredient (ingredientid, searchid) values (30, 54);
insert into SearchIngredient (ingredientid, searchid) values (7, 99);
insert into SearchIngredient (ingredientid, searchid) values (31, 26);
insert into SearchIngredient (ingredientid, searchid) values (17, 89);
insert into SearchIngredient (ingredientid, searchid) values (9, 84);
insert into SearchIngredient (ingredientid, searchid) values (17, 31);
insert into SearchIngredient (ingredientid, searchid) values (17, 22);
insert into SearchIngredient (ingredientid, searchid) values (25, 21);
insert into SearchIngredient (ingredientid, searchid) values (31, 67);
insert into SearchIngredient (ingredientid, searchid) values (16, 48);
insert into SearchIngredient (ingredientid, searchid) values (5, 8);
insert into SearchIngredient (ingredientid, searchid) values (25, 37);
insert into SearchIngredient (ingredientid, searchid) values (27, 63);
insert into SearchIngredient (ingredientid, searchid) values (12, 91);
insert into SearchIngredient (ingredientid, searchid) values (24, 17);
insert into SearchIngredient (ingredientid, searchid) values (32, 36);
insert into SearchIngredient (ingredientid, searchid) values (18, 9);
insert into SearchIngredient (ingredientid, searchid) values (17, 58);
insert into SearchIngredient (ingredientid, searchid) values (17, 67);
insert into SearchIngredient (ingredientid, searchid) values (15, 64);
insert into SearchIngredient (ingredientid, searchid) values (22, 76);
insert into SearchIngredient (ingredientid, searchid) values (13, 61);
insert into SearchIngredient (ingredientid, searchid) values (9, 64);
insert into SearchIngredient (ingredientid, searchid) values (5, 29);
insert into SearchIngredient (ingredientid, searchid) values (24, 94);
insert into SearchIngredient (ingredientid, searchid) values (9, 8);
insert into SearchIngredient (ingredientid, searchid) values (26, 48);
insert into SearchIngredient (ingredientid, searchid) values (31, 53);
insert into SearchIngredient (ingredientid, searchid) values (19, 97);
insert into SearchIngredient (ingredientid, searchid) values (12, 46);
insert into SearchIngredient (ingredientid, searchid) values (20, 31);
insert into SearchIngredient (ingredientid, searchid) values (17, 86);
insert into SearchIngredient (ingredientid, searchid) values (28, 92);
insert into SearchIngredient (ingredientid, searchid) values (2, 81);
insert into SearchIngredient (ingredientid, searchid) values (2, 71);
insert into SearchIngredient (ingredientid, searchid) values (18, 85);
insert into SearchIngredient (ingredientid, searchid) values (3, 48);
insert into SearchIngredient (ingredientid, searchid) values (4, 61);
insert into SearchIngredient (ingredientid, searchid) values (2, 8);
insert into SearchIngredient (ingredientid, searchid) values (3, 72);
insert into SearchIngredient (ingredientid, searchid) values (7, 79);
insert into SearchIngredient (ingredientid, searchid) values (10, 87);
insert into SearchIngredient (ingredientid, searchid) values (16, 6);
insert into SearchIngredient (ingredientid, searchid) values (22, 45);
insert into SearchIngredient (ingredientid, searchid) values (19, 21);
insert into SearchIngredient (ingredientid, searchid) values (3, 68);
insert into SearchIngredient (ingredientid, searchid) values (12, 64);
insert into SearchIngredient (ingredientid, searchid) values (22, 66);
insert into SearchIngredient (ingredientid, searchid) values (5, 36);
insert into SearchIngredient (ingredientid, searchid) values (21, 98);
insert into SearchIngredient (ingredientid, searchid) values (2, 70);
insert into SearchIngredient (ingredientid, searchid) values (29, 98);
insert into SearchIngredient (ingredientid, searchid) values (10, 24);
insert into SearchIngredient (ingredientid, searchid) values (14, 39);
insert into SearchIngredient (ingredientid, searchid) values (31, 3);
insert into SearchIngredient (ingredientid, searchid) values (12, 60);
insert into SearchIngredient (ingredientid, searchid) values (24, 53);
insert into SearchIngredient (ingredientid, searchid) values (6, 34);
insert into SearchIngredient (ingredientid, searchid) values (22, 38);
insert into SearchIngredient (ingredientid, searchid) values (30, 72);
insert into SearchIngredient (ingredientid, searchid) values (26, 13);

insert into DietaryRestrictions (dietrestid, restname, description) values (1, 'Vegan', 'Suspendisse potenti. In eleifend quam a odio.');
insert into DietaryRestrictions (dietrestid, restname, description) values (2, 'Vegetarian', 'In est risus, auctor sed, tristique in, tempus sit amet, sem. Fusce consequat.');
insert into DietaryRestrictions (dietrestid, restname, description) values (3, 'Peanut-Free', 'Nulla neque libero, convallis eget, eleifend luctus, ultricies eu, nibh.');
insert into DietaryRestrictions (dietrestid, restname, description) values (4, 'Tree Nut-Free', 'Vivamus vestibulum sagittis sapien. Cum sociis natoque penatibus et magnis dis parturient montes, nascetur ridiculus mus.');
insert into DietaryRestrictions (dietrestid, restname, description) values (5, 'Keto', 'Aliquam quis turpis eget elit sodales scelerisque. Mauris sit amet eros.');
insert into DietaryRestrictions (dietrestid, restname, description) values (6, 'Paleo', 'Morbi non quam nec dui luctus rutrum. Nulla tellus.');
insert into DietaryRestrictions (dietrestid, restname, description) values (7, 'Gluten-Free', 'Sed accumsan felis. Ut at dolor quis odio consequat varius.');
insert into DietaryRestrictions (dietrestid, restname, description) values (8, 'Soy-free', 'Duis bibendum.');
insert into DietaryRestrictions (dietrestid, restname, description) values (9, 'Lactose-free', 'Vestibulum sed magna at nunc commodo placerat.');
insert into DietaryRestrictions (dietrestid, restname, description) values (10, 'Low fat', 'In blandit ultrices enim. Lorem ipsum dolor sit amet, consectetuer adipiscing elit.');
insert into DietaryRestrictions (dietrestid, restname, description) values (11, 'Low sugar', 'Quisque ut erat. Curabitur gravida nisi at nibh.');
insert into DietaryRestrictions (dietrestid, restname, description) values (12, 'Sugar-free', 'Nulla nisl.');

insert into SearchDiet (searchid, dietrestid) values (92, 5);
insert into SearchDiet (searchid, dietrestid) values (69, 4);
insert into SearchDiet (searchid, dietrestid) values (86, 12);
insert into SearchDiet (searchid, dietrestid) values (76, 10);
insert into SearchDiet (searchid, dietrestid) values (39, 6);
insert into SearchDiet (searchid, dietrestid) values (24, 7);
insert into SearchDiet (searchid, dietrestid) values (64, 6);
insert into SearchDiet (searchid, dietrestid) values (96, 6);
insert into SearchDiet (searchid, dietrestid) values (1, 5);
insert into SearchDiet (searchid, dietrestid) values (58, 9);
insert into SearchDiet (searchid, dietrestid) values (99, 2);
insert into SearchDiet (searchid, dietrestid) values (51, 1);
insert into SearchDiet (searchid, dietrestid) values (19, 12);
insert into SearchDiet (searchid, dietrestid) values (54, 4);
insert into SearchDiet (searchid, dietrestid) values (68, 9);
insert into SearchDiet (searchid, dietrestid) values (18, 3);
insert into SearchDiet (searchid, dietrestid) values (13, 11);
insert into SearchDiet (searchid, dietrestid) values (32, 8);
insert into SearchDiet (searchid, dietrestid) values (38, 9);
insert into SearchDiet (searchid, dietrestid) values (92, 4);
insert into SearchDiet (searchid, dietrestid) values (8, 11);
insert into SearchDiet (searchid, dietrestid) values (70, 4);
insert into SearchDiet (searchid, dietrestid) values (7, 8);
insert into SearchDiet (searchid, dietrestid) values (47, 1);
insert into SearchDiet (searchid, dietrestid) values (14, 8);
insert into SearchDiet (searchid, dietrestid) values (94, 2);
insert into SearchDiet (searchid, dietrestid) values (75, 9);
insert into SearchDiet (searchid, dietrestid) values (60, 11);
insert into SearchDiet (searchid, dietrestid) values (50, 7);
insert into SearchDiet (searchid, dietrestid) values (74, 2);
insert into SearchDiet (searchid, dietrestid) values (48, 4);
insert into SearchDiet (searchid, dietrestid) values (37, 4);
insert into SearchDiet (searchid, dietrestid) values (78, 3);
insert into SearchDiet (searchid, dietrestid) values (54, 1);
insert into SearchDiet (searchid, dietrestid) values (95, 5);
insert into SearchDiet (searchid, dietrestid) values (56, 5);
insert into SearchDiet (searchid, dietrestid) values (93, 2);
insert into SearchDiet (searchid, dietrestid) values (58, 4);
insert into SearchDiet (searchid, dietrestid) values (86, 8);
insert into SearchDiet (searchid, dietrestid) values (18, 4);
insert into SearchDiet (searchid, dietrestid) values (9, 10);
insert into SearchDiet (searchid, dietrestid) values (90, 5);


insert into DietRecipe (dietrestid, recipeid) values (1, 57);
insert into DietRecipe (dietrestid, recipeid) values (7, 19);
insert into DietRecipe (dietrestid, recipeid) values (1, 25);
insert into DietRecipe (dietrestid, recipeid) values (4, 27);
insert into DietRecipe (dietrestid, recipeid) values (10, 39);
insert into DietRecipe (dietrestid, recipeid) values (11, 44);
insert into DietRecipe (dietrestid, recipeid) values (11, 43);
insert into DietRecipe (dietrestid, recipeid) values (3, 47);
insert into DietRecipe (dietrestid, recipeid) values (10, 24);
insert into DietRecipe (dietrestid, recipeid) values (7, 35);
insert into DietRecipe (dietrestid, recipeid) values (8, 31);
insert into DietRecipe (dietrestid, recipeid) values (5, 51);
insert into DietRecipe (dietrestid, recipeid) values (5, 21);
insert into DietRecipe (dietrestid, recipeid) values (5, 1);
insert into DietRecipe (dietrestid, recipeid) values (5, 57);
insert into DietRecipe (dietrestid, recipeid) values (11, 38);
insert into DietRecipe (dietrestid, recipeid) values (7, 49);
insert into DietRecipe (dietrestid, recipeid) values (2, 10);
insert into DietRecipe (dietrestid, recipeid) values (7, 46);
insert into DietRecipe (dietrestid, recipeid) values (1, 34);
insert into DietRecipe (dietrestid, recipeid) values (2, 44);
insert into DietRecipe (dietrestid, recipeid) values (8, 33);
insert into DietRecipe (dietrestid, recipeid) values (12, 29);
insert into DietRecipe (dietrestid, recipeid) values (7, 4);
insert into DietRecipe (dietrestid, recipeid) values (8, 40);
insert into DietRecipe (dietrestid, recipeid) values (7, 27);
insert into DietRecipe (dietrestid, recipeid) values (6, 45);
insert into DietRecipe (dietrestid, recipeid) values (6, 22);
insert into DietRecipe (dietrestid, recipeid) values (1, 44);
insert into DietRecipe (dietrestid, recipeid) values (9, 23);

insert into DietRecipe (dietrestid, recipeid) values (1, 19);
insert into DietRecipe (dietrestid, recipeid) values (7, 57);
insert into DietRecipe (dietrestid, recipeid) values (1, 27);
insert into DietRecipe (dietrestid, recipeid) values (4, 25);
insert into DietRecipe (dietrestid, recipeid) values (10, 44);
insert into DietRecipe (dietrestid, recipeid) values (11, 39);
insert into DietRecipe (dietrestid, recipeid) values (11, 47);
insert into DietRecipe (dietrestid, recipeid) values (3, 43);
insert into DietRecipe (dietrestid, recipeid) values (10, 35);
insert into DietRecipe (dietrestid, recipeid) values (7, 24);
insert into DietRecipe (dietrestid, recipeid) values (8, 51);
insert into DietRecipe (dietrestid, recipeid) values (5, 31);
insert into DietRecipe (dietrestid, recipeid) values (11, 1);
insert into DietRecipe (dietrestid, recipeid) values (5, 10);
insert into DietRecipe (dietrestid, recipeid) values (5, 38);
insert into DietRecipe (dietrestid, recipeid) values (11, 57);
insert into DietRecipe (dietrestid, recipeid) values (7, 10);
insert into DietRecipe (dietrestid, recipeid) values (2, 49);
insert into DietRecipe (dietrestid, recipeid) values (7, 34);
insert into DietRecipe (dietrestid, recipeid) values (1, 46);
insert into DietRecipe (dietrestid, recipeid) values (2, 33);
insert into DietRecipe (dietrestid, recipeid) values (8, 44);
insert into DietRecipe (dietrestid, recipeid) values (12, 4);
insert into DietRecipe (dietrestid, recipeid) values (7, 29);
insert into DietRecipe (dietrestid, recipeid) values (8, 27);
insert into DietRecipe (dietrestid, recipeid) values (7, 40);
insert into DietRecipe (dietrestid, recipeid) values (6, 23);
insert into DietRecipe (dietrestid, recipeid) values (6, 44);
insert into DietRecipe (dietrestid, recipeid) values (1, 23);
insert into DietRecipe (dietrestid, recipeid) values (9, 44);

insert into Newsletter (chefid, recipeid, subid, substatus, subdate) values (63, 20, 1, 'Pending', '2025-03-04');
insert into Newsletter (chefid, recipeid, subid, substatus, subdate) values (69, 41, 2, 'Pending', '2025-02-06');
insert into Newsletter (chefid, recipeid, subid, substatus, subdate) values (70, 47, 3, 'Accepted', '2024-06-18');
insert into Newsletter (chefid, recipeid, subid, substatus, subdate) values (68, 34, 4, 'Accepted', '2024-06-30');
insert into Newsletter (chefid, recipeid, subid, substatus, subdate) values (64, 57, 5, 'Accepted', '2025-02-12');
insert into Newsletter (chefid, recipeid, subid, substatus, subdate) values (79, 33, 6, 'Pending', '2024-07-19');
insert into Newsletter (chefid, recipeid, subid, substatus, subdate) values (64, 45, 7, 'Pending', '2024-05-14');
insert into Newsletter (chefid, recipeid, subid, substatus, subdate) values (86, 8, 8, 'Pending', '2024-11-25');
insert into Newsletter (chefid, recipeid, subid, substatus, subdate) values (87, 25, 9, 'Pending', '2024-10-11');
insert into Newsletter (chefid, recipeid, subid, substatus, subdate) values (89, 49, 10, 'Accepted', '2024-09-03');
insert into Newsletter (chefid, recipeid, subid, substatus, subdate) values (90, 37, 11, 'Pending', '2025-02-23');
insert into Newsletter (chefid, recipeid, subid, substatus, subdate) values (76, 41, 12, 'Pending', '2024-09-17');
insert into Newsletter (chefid, recipeid, subid, substatus, subdate) values (80, 49, 13, 'Accepted', '2024-09-03');
insert into Newsletter (chefid, recipeid, subid, substatus, subdate) values (75, 1, 14, 'Pending', '2025-03-01');
insert into Newsletter (chefid, recipeid, subid, substatus, subdate) values (67, 36, 15, 'Accepted', '2025-03-30');
insert into Newsletter (chefid, recipeid, subid, substatus, subdate) values (66, 32, 16, 'Accepted', '2024-05-24');
insert into Newsletter (chefid, recipeid, subid, substatus, subdate) values (84, 17, 17, 'Pending', '2024-05-04');
insert into Newsletter (chefid, recipeid, subid, substatus, subdate) values (65, 35, 18, 'Pending', '2024-12-26');
insert into Newsletter (chefid, recipeid, subid, substatus, subdate) values (76, 45, 19, 'Pending', '2024-08-23');
insert into Newsletter (chefid, recipeid, subid, substatus, subdate) values (81, 4, 20, 'Pending', '2024-12-02');
insert into Newsletter (chefid, recipeid, subid, substatus, subdate) values (74, 10, 21, 'Pending', '2024-07-06');
insert into Newsletter (chefid, recipeid, subid, substatus, subdate) values (86, 2, 22, 'Accepted', '2025-02-27');
insert into Newsletter (chefid, recipeid, subid, substatus, subdate) values (83, 41, 23, 'Pending', '2024-06-01');
insert into Newsletter (chefid, recipeid, subid, substatus, subdate) values (71, 15, 24, 'Pending', '2024-07-03');
insert into Newsletter (chefid, recipeid, subid, substatus, subdate) values (69, 37, 25, 'Accepted', '2024-12-11');
insert into Newsletter (chefid, recipeid, subid, substatus, subdate) values (88, 23, 26, 'Rejected', '2024-06-12');
insert into Newsletter (chefid, recipeid, subid, substatus, subdate) values (71, 32, 27, 'Pending', '2024-09-05');
insert into Newsletter (chefid, recipeid, subid, substatus, subdate) values (71, 37, 28, 'Rejected', '2024-06-01');
insert into Newsletter (chefid, recipeid, subid, substatus, subdate) values (73, 52, 29, 'Rejected', '2025-04-09');
insert into Newsletter (chefid, recipeid, subid, substatus, subdate) values (70, 25, 30, 'Rejected', '2025-02-17');
insert into Newsletter (chefid, recipeid, subid, substatus, subdate) values (86, 56, 31, 'Accepted', '2025-03-05');
insert into Newsletter (chefid, recipeid, subid, substatus, subdate) values (88, 49, 32, 'Accepted', '2024-05-24');
insert into Newsletter (chefid, recipeid, subid, substatus, subdate) values (87, 52, 33, 'Accepted', '2025-01-17');
insert into Newsletter (chefid, recipeid, subid, substatus, subdate) values (90, 42, 34, 'Pending', '2024-06-24');
insert into Newsletter (chefid, recipeid, subid, substatus, subdate) values (90, 32, 35, 'Rejected', '2024-08-29');
insert into Newsletter (chefid, recipeid, subid, substatus, subdate) values (87, 8, 36, 'Pending', '2024-04-20');
insert into Newsletter (chefid, recipeid, subid, substatus, subdate) values (75, 13, 37, 'Accepted', '2024-11-06');
insert into Newsletter (chefid, recipeid, subid, substatus, subdate) values (83, 18, 38, 'Accepted', '2024-11-13');
insert into Newsletter (chefid, recipeid, subid, substatus, subdate) values (70, 5, 39, 'Pending', '2024-10-26');
insert into Newsletter (chefid, recipeid, subid, substatus, subdate) values (73, 20, 40, 'Rejected', '2024-12-21');
insert into Newsletter (chefid, recipeid, subid, substatus, subdate) values (88, 12, 41, 'Accepted', '2024-09-14');
insert into Newsletter (chefid, recipeid, subid, substatus, subdate) values (78, 1, 42, 'Rejected', '2025-02-01');
insert into Newsletter (chefid, recipeid, subid, substatus, subdate) values (65, 50, 43, 'Pending', '2024-04-22');
insert into Newsletter (chefid, recipeid, subid, substatus, subdate) values (71, 18, 44, 'Rejected', '2025-01-12');
insert into Newsletter (chefid, recipeid, subid, substatus, subdate) values (79, 17, 45, 'Pending', '2024-09-28');
insert into Newsletter (chefid, recipeid, subid, substatus, subdate) values (65, 36, 46, 'Rejected', '2025-01-13');